GEN,Genetic material,DH,GY,Red.flight01,Green.flight01,Blue.flight01,RedEdge.flight01,NIR.flight01,NDVI.flight01,GNDVI.flight01,NDRE.flight01,SAVI.flight01,SCCCI.flight01,EVI.flight01,MSAVI.flight01,Red.flight02,Green.flight02,Blue.flight02,RedEdge.flight02,NIR.flight02,NDVI.flight02,GNDVI.flight02,NDRE.flight02,SAVI.flight02,SCCCI.flight02,EVI.flight02,MSAVI.flight02,Red.flight03,Green.flight03,Blue.flight03,RedEdge.flight03,NIR.flight03,NDVI.flight03,GNDVI.flight03,NDRE.flight03,SAVI.flight03,SCCCI.flight03,EVI.flight03,MSAVI.flight03,Red.flight04,Green.flight04,Blue.flight04,RedEdge.flight04,NIR.flight04,NDVI.flight04,GNDVI.flight04,NDRE.flight04,SAVI.flight04,SCCCI.flight04,EVI.flight04,MSAVI.flight04,Red.flight05,Green.flight05,Blue.flight05,RedEdge.flight05,NIR.flight05,NDVI.flight05,GNDVI.flight05,NDRE.flight05,SAVI.flight05,SCCCI.flight05,EVI.flight05,MSAVI.flight05,Red.flight06,Green.flight06,Blue.flight06,RedEdge.flight06,NIR.flight06,NDVI.flight06,GNDVI.flight06,NDRE.flight06,SAVI.flight06,SCCCI.flight06,EVI.flight06,MSAVI.flight06,Red.flight07,Green.flight07,Blue.flight07,RedEdge.flight07,NIR.flight07,NDVI.flight07,GNDVI.flight07,NDRE.flight07,SAVI.flight07,SCCCI.flight07,EVI.flight07,MSAVI.flight07,Red.flight08,Green.flight08,Blue.flight08,RedEdge.flight08,NIR.flight08,NDVI.flight08,GNDVI.flight08,NDRE.flight08,SAVI.flight08,SCCCI.flight08,EVI.flight08,MSAVI.flight08,Red.flight09,Green.flight09,Blue.flight09,RedEdge.flight09,NIR.flight09,NDVI.flight09,GNDVI.flight09,NDRE.flight09,SAVI.flight09,SCCCI.flight09,EVI.flight09,MSAVI.flight09,Red.flight10,Green.flight10,Blue.flight10,RedEdge.flight10,NIR.flight10,NDVI.flight10,GNDVI.flight10,NDRE.flight10,SAVI.flight10,SCCCI.flight10,EVI.flight10,MSAVI.flight10
G1,Cultivars,58.5470088591284,5867.91815658805,791.286225152431,1763.74490169977,1757.88525032118,4977.71955509364,12852.4278986743,0.876289172397715,0.752823563811716,0.439820523971509,1.31438678040818,0.505110658744524,2.74627355281179,0.933471984965585,776.421855757322,1852.67654811907,1848.79788642965,5310.45904328294,16193.5482803314,0.904195492922248,0.792204652874984,0.50456862100254,1.3562521431277,0.56134536757668,2.19397042310012,0.949480276256467,486.76780472569,1284.02802648197,1286.57542051081,3770.88752045203,13549.6387547417,0.927974122445896,0.825503317333395,0.563488404016133,1.39191092365888,0.606320780597379,1.90617990573379,0.962510251233117,728.561519283904,1729.3264451746,1724.81163188105,4931.82460219626,17378.9417270452,0.91831380415881,0.820429021684734,0.559739765679774,1.37743158415222,0.611022245324822,1.82665679119699,0.957396270833701,733.997225310506,1590.0909542445,1593.16257440977,4934.88219750215,17630.9987107802,0.919569613965958,0.836201295434361,0.563695533910177,1.37931340546126,0.614354865496343,1.64923779408642,0.958098285787578,781.775454851959,1884.63170759667,1884.74635689793,5200.04633797761,19223.3913145949,0.924256484371555,0.825425544288132,0.581145883840089,1.38635093854201,0.628312279823944,1.84680591629664,0.96064902160323,909.732266570349,1890.46585757249,1891.4424242934,5377.15834057136,19948.8559452986,0.913425106801507,0.826793939732126,0.575980895265253,1.3701033921119,0.630313646294304,1.69867924774404,0.954742856530145,1179.98483552339,2140.78741659168,2151.59970076963,5637.05226470948,17996.5193782267,0.875293871668693,0.78609517382168,0.520850729472306,1.3129065994408,0.594946376154987,1.84971146774005,0.933497433232503,1981.66091508914,2734.08543145204,3015.68182775404,6951.00537335982,18670.8926967581,0.792433909432138,0.7297240184812,0.434442108155762,1.18862139163498,0.547378971459478,1.69624944778047,0.884175212283203,2530.41099506222,2830.86682519386,3240.01060974536,6383.06915510307,12128.5036331938,0.632523171926791,0.603377687336934,0.292763423345013,0.948751891522946,0.464967708376753,1.49463511354939,0.774751052778337
G10,Cultivars,62.6414874369223,4844.25969706339,810.112790356162,1921.61040025527,1922.34832296708,5130.16853979933,12359.3932280205,0.872061217070055,0.733907210536356,0.419111923955289,1.30804017543204,0.479617650155486,3.48568938774034,0.931182392980153,786.085926381214,1913.35115633447,1913.03422798518,5396.03200658573,15656.9449634371,0.901803233822615,0.779974932675282,0.486714576601392,1.35266350497718,0.540447271038512,2.47666285268575,0.948205534349437,487.141881659376,1315.40454806275,1316.88209972887,3747.86356199478,12913.2707816808,0.927617772247984,0.810935386091302,0.543891205710748,1.39137506055931,0.58419157943127,2.24762398797958,0.962319517811285,659.273660687574,1589.62439814763,1586.63692029023,4644.32375777546,16789.848094031,0.922542075822585,0.824280752205478,0.563534369635028,1.38376985707477,0.610528731755143,1.84320413714027,0.959655198182772,650.177473222598,1407.69742896533,1423.85827683025,4535.60378591316,16946.8830769133,0.922714575849195,0.84259625861266,0.56991686420382,1.38403218370763,0.618314437505603,1.60558025378837,0.959748392955553,659.457042562181,1542.20404208928,1545.51288440044,4391.99205512527,17772.2738040527,0.925983760193818,0.838524114582172,0.599210977500212,1.38893806274011,0.648029373396442,1.71331819974799,0.961532326711146,851.329641051618,1749.12926005147,1750.45233008777,5088.54322666103,18969.1731684625,0.91280893875173,0.830159256373275,0.574667388640301,1.36918021852187,0.629464214332852,1.67364345203014,0.954382995410899,1192.92176632812,2150.88514258185,2161.81385651145,5795.43517116279,18634.3985796183,0.876847922705177,0.791847861290018,0.524125554218984,1.31524151828189,0.598091834241897,1.80144893418682,0.934303583302403,1777.65835248709,2580.22796066447,2645.26638860858,6834.67592498197,18973.7634706471,0.822031327934231,0.755073758769393,0.461175911731417,1.23301254078699,0.561007547545864,1.6592172704807,0.902259951846442,2568.94404786803,3055.06309436884,3393.11103633328,6788.42352793073,12712.53775964,0.654097061033871,0.607916994571963,0.296882615649439,0.981111130808768,0.455842680620909,1.7574278851342,0.790630364848965
G11,Cultivars,62.2320395791429,1432.7834982684,798.8070432541,1973.31621931014,1970.7023716499,5291.09045944433,12846.9624490515,0.875150881508497,0.738405555336668,0.426380150216767,1.312678338148,0.485647746531289,3.7498935160178,0.932793887129529,800.700508430422,2158.93730083239,2153.57689882331,5881.12352228735,16386.6122832563,0.902147738988996,0.770645253119715,0.476592916133029,1.35318174251092,0.524918157954521,3.05056816551634,0.948386704840422,494.392549826266,1489.17756336068,1488.02476146235,4098.32703447335,13391.3214820411,0.927016413291489,0.799419995914467,0.530271066243514,1.3904727856915,0.569993291933589,2.5391828932835,0.962005020194667,694.390376479501,1960.66379367212,1952.26360221241,5423.96375226158,17970.3533780617,0.922901390545583,0.804688623201203,0.539230294319844,1.384312846032,0.582344775708305,2.31837099483402,0.95984608871581,676.36781578503,1669.89460196371,1667.04905654851,5182.80818145604,18490.399926982,0.92665783702115,0.833509551775808,0.560158167465325,1.38994902328936,0.604804103698368,1.78610089435201,0.961845227003993,525.409515475988,1463.7045153001,1465.14585226263,4277.2757660156,18294.1384769825,0.94186167222759,0.853072440150115,0.621664328930975,1.41275173759752,0.659818694828118,1.6756711735935,0.969948418609218,661.132223369277,1596.80902659351,1598.50552713266,4825.81765383784,19386.8236706728,0.930138338380228,0.846621121348995,0.598030169226513,1.39517330066384,0.642878393049857,1.64522907970454,0.963675769405903,985.460031510635,2007.02250013188,2009.28819331329,5652.41949053101,19969.1788704251,0.905020182073281,0.816089380485475,0.556885547490728,1.35750072501001,0.615634061519119,1.76324921279491,0.949831527682662,1286.34868653733,2226.57416041659,2238.14440017481,6381.08857674316,20368.9264267224,0.884548493436769,0.806296927717591,0.532295343718243,1.3267967657882,0.600760683589428,1.63144867124974,0.938021573708462,1396.58662890648,2051.49912672615,2055.93232323648,5321.51497032129,12697.9843948228,0.807235245555607,0.729922295463362,0.424524496202484,1.21080372127492,0.51846083289692,1.81423146639015,0.891563065054217
G12,Cultivars,64.6887267258193,5031.78259805429,784.78701206836,1824.7317034187,1823.98933394736,4952.52048711337,12356.6596528055,0.876204624439713,0.740653732258809,0.427298836799822,1.31425936572414,0.486290039521806,3.66621239943691,0.933523875149715,740.018036083288,1918.80911768254,1916.04047208527,5366.51042999944,15849.3690707207,0.90710947724017,0.781466223510755,0.490104205975305,1.36062192454806,0.537948135193673,2.82187177390966,0.951103715524274,483.904564998484,1305.51772913199,1298.30740801765,3708.39265660575,13147.3421580746,0.928114757046068,0.815397153610203,0.552627174502713,1.39212191384367,0.59112310524634,2.28195780609113,0.962590257704013,590.178793771157,1542.63452421847,1533.91517239959,4590.92481842031,17117.9378141823,0.931458551271854,0.83445147897801,0.576424157157772,1.39714345722607,0.615093107579368,1.87862512308239,0.96444609211476,593.178861406256,1373.99165075154,1383.65690088256,4485.75603638335,17436.8504735829,0.932042218470559,0.852889787436659,0.586648673884258,1.39802072941858,0.62880264724038,1.60120911855019,0.964788456225225,527.200702978114,1314.97973616709,1320.27370222473,3838.37003451503,17352.6392524818,0.939406542950553,0.855627658149443,0.627900962803771,1.40906640704744,0.667976787687379,1.6141993814399,0.968753837048718,651.396819006822,1439.72230979064,1450.48660139792,4345.56445511022,18287.091340479,0.929087048264982,0.852188581350524,0.606006307416435,1.39358491595503,0.653166616861766,1.5556920512841,0.963240421989702,969.377304791543,1893.57370149418,1903.31137328526,5276.42257522885,18562.6839620708,0.89973987664148,0.814932749638661,0.555994553839098,1.34957759723487,0.618612531660062,1.70327070582047,0.947317029279943,1287.40020927435,2128.30454824405,2195.62843452193,6041.14106888575,19181.5437676453,0.873463630188928,0.800908524963363,0.521136005086266,1.31016608020967,0.596850825984821,1.60860508852015,0.932753878314443,1922.28274642816,2532.9891810879,2750.08004808116,6022.91883482108,12482.6286358925,0.726549376516972,0.665495553337135,0.349589621095976,1.08978153073169,0.480777886033893,1.82148439949845,0.841674015452553
G13,Cultivars,69.6021010191721,2740.64180774008,809.447550373855,1850.64020816486,1856.40371394111,5013.73131999338,12139.9869342428,0.870514201814813,0.735495551927983,0.419662785167604,1.30571758749966,0.483281644586191,3.11527691510487,0.930286119612897,809.476114693953,2020.19105767452,2021.68129438418,5564.01706963874,15665.2453753231,0.89928825339596,0.77208789983481,0.477966543922898,1.34889272499749,0.531572498744376,2.6742520008901,0.946874995114597,494.774795865498,1487.75916138968,1492.01727119513,4111.57957358401,13291.2113758758,0.926859626580994,0.799712570334879,0.531805415321893,1.39023758959514,0.572481233988156,2.47253784481032,0.961920902176205,706.757340373875,1836.61827818189,1835.89941667395,5119.6390975538,17386.9093961962,0.920174975916719,0.810231459824078,0.5467426756744,1.38022449371229,0.595365735586934,2.07733108176012,0.958395996777784,674.486421868709,1463.98377010159,1511.65597520075,4763.44068286758,17703.4514554804,0.924292379681464,0.842188976800101,0.570602522022088,1.38639715953279,0.61974333042979,1.60728847266979,0.960595864400286,606.391522683179,1491.49759100114,1503.21444643317,4317.19461623841,18013.3673086028,0.932423358269613,0.845730294564765,0.608165488239131,1.39859702673111,0.652995713468144,1.67768875581259,0.964973731686223,816.390306704558,1682.39849138738,1711.79375687127,4913.08644042208,19072.7594980656,0.916348496880336,0.836240631907081,0.585511002137037,1.3744900791432,0.639305435458712,1.62811526011001,0.956310568754977,1226.65842601533,2341.25495271131,2356.0151215346,6096.26001443089,19954.0381578399,0.883298686089402,0.788221227052731,0.526982584496829,1.32491638279239,0.597308602873655,1.91416508269095,0.937908522620411,1660.72985544775,2577.03341506461,2626.52967777287,6933.45737748542,20165.5219325242,0.85064674018992,0.771418825831432,0.489128447253636,1.27594450433569,0.575497958912697,1.71085200596603,0.918648211357244,2150.03733810055,2850.56772758182,3074.77259680224,6492.00351123774,13508.6738131599,0.722571450827189,0.652818166643217,0.350043149674727,1.08382471951266,0.483952304753269,1.97620759489901,0.838565111050027
G14,Cultivars,60.5942481480253,4749.4937470983,801.070384336483,1791.37200528176,1802.18818623299,4961.06975680685,12819.588020376,0.87468943562707,0.747578581438825,0.435930423374976,1.31198605556071,0.50314247680022,2.71073107321775,0.932545538181294,783.344250605069,1898.70412195632,1907.08908854816,5462.48976287748,16326.2268012353,0.903596933651346,0.787624081752015,0.49692268973799403,1.35535303960522,0.552182895043515,2.2554290263216,0.949140720434616,494.876338354374,1357.47055357868,1365.36341656736,3895.49389245198,13552.4435040147,0.927118045422224,0.816340607270182,0.551480486046916,1.39062581710045,0.598456989868693,1.99487687539223,0.962059206805156,675.998748270387,1680.59109001308,1707.47909131264,4946.41739424019,17736.6734722362,0.923373560199729,0.825472624006993,0.562153255514382,1.38501870760841,0.608558016363579,1.85162706896276,0.960096676001486,708.81300719046,1567.62689576144,1595.76200780209,5032.33804377887,18451.2004398344,0.923394300629476,0.841057658889098,0.568671519316631,1.38505048795163,0.616757379616119,1.62734881417556,0.960110395784438,658.025379241443,1654.22498842627,1658.44971377305,4744.81016798551,18906.9395243137,0.931525234694177,0.840669845959661,0.599655236807146,1.39725330479737,0.643313168159008,1.72266759179741,0.964494122265795,786.05199263014,1715.14216033942,1725.85141912055,5077.95397289401,19749.2713336333,0.920937525151568,0.839963623779408,0.588745887880972,1.38137170531006,0.639836318320048,1.61795195094357,0.958773612590281,1063.4219933364,1980.57698887872,2000.55203517252,5474.55169742371,18893.8416222083,0.891849326892779,0.80891077527467,0.547899744992205,1.33774133550231,0.613970126880194,1.70613911275338,0.942636401757681,1529.41846333916,2416.35208464503,2525.3405180743,6667.07609621998,19581.6638702259,0.854514564047929,0.780244541480771,0.493194249352029,1.28174125518441,0.576822478224329,1.65784095845697,0.921226048254439,2224.42152001029,2706.94814917359,3000.37263041362,6407.89433150111,12721.130456344,0.694793212873144,0.646071019030858,0.324686766334333,1.04214915602527,0.466466892497688,1.65275167961232,0.819554539507945
G15,Cultivars,59.3659045746872,5707.68824118689,804.04264162347,1841.8258753819,1845.00473382963,5136.84217787081,12566.4058984435,0.873100266289424,0.741374496107481,0.423137296588702,1.30960065969363,0.483842540217532,3.02065065321061,0.931716444578028,781.65570177999,2000.49070589155,2001.90889631226,5748.19011882511,16229.2951050039,0.90334306990503,0.78036606930937,0.482530736979826,1.35497308487413,0.531266847884128,2.56280241242312,0.949011182117591,501.159156657879,1497.51957255783,1500.29105043924,4250.77156039359,13618.083441691,0.92633846141071,0.802498186507658,0.527949973222071,1.38945438462927,0.571915086506424,2.26377171424028,0.961649454091866,674.671487447211,1776.61088053942,1772.27424935484,5236.23605190448,17593.4992731734,0.924146791230057,0.818220173179592,0.546230369949025,1.38618089387886,0.589997056407138,2.00015306835222,0.960513208054449,694.665593457918,1621.13373830927,1623.22531732579,5182.27961418498,17864.708826298,0.923862135504353,0.835794916108006,0.553625179574318,1.38575568230287,0.59917881970092,1.69741385618623,0.96036904685133,697.790803300292,1730.3907455001,1730.99153488691,4973.83952502101,18527.4882519364,0.927409122681118,0.83102195212854,0.583026933006868,1.39108048262264,0.628773530028808,1.80983596549159,0.962312985811555,814.817155531898,1772.13272412654,1773.81286025291,5270.6175681249,19702.3668027895,0.919039085375679,0.833097194139045,0.578077871682465,1.37852520523784,0.628952422416668,1.67534618080662,0.957754549956173,1187.21019687816,2188.57787584712,2200.54723389094,5828.45742823745,19411.9219027171,0.884158285000592,0.796902550495717,0.536532408446453,1.32620585375457,0.606648577528579,1.7964183635032,0.938409037379025,1604.06677837306,2482.67296343596,2578.05681094275,6644.84657473353,19472.6368654382,0.845673138475535,0.772493062954379,0.490481286682467,1.26847764575311,0.579213499342527,1.66966910382854,0.916272982433927,2426.35607775373,2936.46366199332,3396.65970786086,6706.16697329843,12911.5674977735,0.669469419062987,0.615916988321408,0.298687987468114,1.00416850401836,0.45264870992731,1.83576740172692,0.801787956796795
G16,Cultivars,49.5391559879817,7320.22838979141,796.988773212499,1836.03525714423,1841.67932000263,5006.95139676529,12545.4590144149,0.874236819753971,0.741625239064624,0.427944496539123,1.31130472043367,0.490068663761782,3.06801824780178,0.932319471023098,798.187473563992,2036.77999141131,2034.58967113773,5643.76678902524,15982.6364905369,0.902215495113045,0.775173754825229,0.481267211684708,1.35328278003074,0.532282031492452,2.66187487410806,0.948435145162772,503.249434963208,1574.10044468146,1575.82469527148,4331.72469720204,13590.7105454596,0.926066602861284,0.79304730882568,0.51965528899374,1.38904731534742,0.563953230255088,2.45731429910828,0.961510004287207,739.127492528591,1952.05431207359,1942.80754758908,5361.67978562775,17565.7011505052,0.918828794433067,0.801736248568972,0.533320734597326,1.37820459629291,0.581009637626075,2.22577666386431,0.957672939577213,740.998532680349,1690.6631431022,1710.37443765582,5158.64048244883,17606.6775032333,0.918332574617411,0.824721122731692,0.544979978251499,1.37746024554015,0.594859233478775,1.77564238324528,0.957409625998477,800.15342596094,1988.59054037153,1988.37752991774,5494.39744759091,19089.0711724226,0.922552822309666,0.817879056685437,0.56860626523432,1.38379640499274,0.616894988936463,1.93772277075199,0.95971163982665,888.955721522024,1966.10787796175,1966.89899847725,5634.50339136743,19697.0804860187,0.914402068748449,0.821425571692546,0.565434348913961,1.3715702053571,0.618662312371756,1.77326925470344,0.95525693374661,1269.97882703529,2368.65006953567,2381.95258131567,6215.27089143745,19020.6922459051,0.874347274985742,0.77493016720639,0.502144477079247,1.31148827317362,0.577233470184963,2.0000880318542,0.932933633400255,2216.63041089087,3157.31670551474,3349.00558958911,7962.10284080065,19369.4479702404,0.787293643947539,0.720050773210601,0.41365476011358,1.1809149220694,0.527648943061409,1.77061774458458,0.88096616338961,2887.50373244475,3195.33351937112,3587.7681695715,6942.37667410066,12167.6225034178,0.611137908865843,0.577936383851346,0.265750789314531,0.916675755252173,0.440731806528183,1.55165821591811,0.758062174328953
G17,Cultivars,62.6414874369223,2518.13292522122,805.679785097271,1886.10484162627,1893.67409721921,5020.89736430715,12346.1577732655,0.872563687555966,0.735230148863308,0.4213034023197,1.30879336994532,0.483856115474884,3.31252646045264,0.931443602293558,797.798684229285,2026.30078426353,2026.84707012639,5569.52312350194,15823.7455964949,0.901529372011625,0.773289689137098,0.48098077943418,1.35225363894605,0.532865839159788,2.70741234212525,0.948063595684655,494.11435364701,1425.73159069951,1430.45866250205,3924.74504812899,13082.376681563,0.926895910463383,0.802120444383152,0.536989282650067,1.39029230759801,0.580538198890186,2.37539721626832,0.961944612688784,692.431680691381,1804.93458318974,1800.58521179243,5041.17976541166,17211.3077604166,0.921883633382169,0.81210382739939,0.551265912619921,1.38278650152652,0.597213578385727,2.07189080088362,0.959302706483261,676.482747749307,1562.36748711256,1564.52504033394,4886.55212417543,17539.1123482798,0.92412992050339,0.837722564526902,0.564899887920232,1.38615479979038,0.611678292115504,1.67414931314146,0.960506196842805,607.564845963562,1500.83266986255,1503.425938623,4354.69414054642,17728.6837562134,0.931545201658259,0.838223162287105,0.599573085012526,1.39727854609264,0.644209561255038,1.74181475298516,0.964506632072674,740.872119211872,1616.08219946531,1617.73145167164,4860.62793327052,18675.8518071839,0.921354945938158,0.835600892618064,0.581009518339894,1.3819949138139,0.631072884471623,1.66593849333979,0.958988306216158,1086.16262813173,2174.52495049603,2185.92652586814,5857.17038294882,19303.6339457614,0.891635938859043,0.795116801691302,0.530627523808421,1.33742239914426,0.595804320796054,1.92921100397377,0.942507622844896,1426.42740870801,2345.35698988761,2363.17597568368,6413.29591619195,19228.1971240961,0.858199722869829,0.781526179767421,0.499449883858525,1.28727117095514,0.582051748208726,1.7012282033384,0.923419216562095,1900.91324861252,2442.1680210794,2623.76706375339,5827.09636129327,12352.5255344351,0.728014581042636,0.668214487347768,0.359367523825445,1.09197901022887,0.491170520684801,1.75591657571694,0.841317108220535
G18,Cultivars,58.9564567169078,5221.95149764814,809.2000842273,1972.69552829245,1972.03630974382,5218.88080297787,12642.430235573,0.873448053121845,0.732497098962981,0.420161103828283,1.31012252260089,0.480365263815011,3.71253553321684,0.931908106715219,807.091375192112,2136.8468047976,2132.95117129817,5863.55750845964,16346.2840642678,0.901736119485611,0.771390926946335,0.477459125671889,1.35256363849807,0.527483325409754,2.90874943061785,0.948171776974325,496.050575717931,1490.04286159796,1489.42032116248,4109.60943958568,13429.227009081,0.926816494502085,0.800410936522915,0.532282337289465,1.3901727773213,0.574171684635089,2.44147162327531,0.961900932311002,697.063769692769,1862.84363499021,1841.00580682284,5243.57480461829,17668.956887997,0.921406891840838,0.8092214787044,0.543980082582979,1.38206973804717,0.589810712120982,2.13706702914302,0.959052006849048,646.89782078641,1528.42567305182,1520.57175788779,4838.81774417999,17639.6942236302,0.925716488713736,0.83821279155915,0.565024949158591,1.38853565137437,0.611588992476091,1.68741134213345,0.961353140302512,670.793199761834,1702.59766979906,1707.93888619475,4791.58376874493,18365.464542515,0.929457925361933,0.830713484018726,0.588422545979472,1.39414846269287,0.63342102124425,1.82635390373492,0.963401204855791,811.296564420947,1820.00479723445,1829.00986068835,5259.25134842584,19375.0216723788,0.918933987265472,0.829092759102498,0.573401387232918,1.37836746252735,0.62377501536503,1.73637171586355,0.95769916583952,1208.67306946523,2322.94773401878,2349.26834465542,6018.49801618915,19296.1874710882,0.880639730898311,0.783649474984327,0.520959841989216,1.32092726000602,0.590931622130988,1.98377832177545,0.936453449788466,1790.71899026151,2829.80388247078,2879.92906533568,7124.99150701918,19467.4112236848,0.8296779644806,0.742797095984303,0.460618977342548,1.24448838929272,0.556634777821609,1.94693871835814,0.906659349869196,2531.66930905097,3046.19768829426,3479.67018558409,6675.41339656653,12724.6266808823,0.658690065618568,0.606517668662849,0.304212389278523,0.988001150218803,0.465939093659742,1.81033583153543,0.793378812163671
G19,Cultivars,62.6414874369223,4488.42188494008,795.377733657987,1773.55003339474,1781.16840238836,4853.10381957022,12298.0826848831,0.874927606516303,0.742662294266622,0.428477962220559,1.31234228855447,0.491864895721386,3.09221142308077,0.932829945650215,767.325172463544,1825.56371130463,1825.697812633,5130.07381734639,15660.0925895925,0.903768978997131,0.782922289478737,0.494809022837068,1.35561005610226,0.550497035663189,2.42789210648609,0.949338567170662,485.832816962826,1227.08951047656,1226.94789688418,3553.67010059565,13034.5037737109,0.927945052981859,0.823260706266799,0.562785760901869,1.39186732599383,0.60534572138675,2.0135132893467,0.96250303211305,612.519688139612,1429.90339678779,1426.29096457305,4340.26648878434,16864.28361199,0.928079953341188,0.837729158100112,0.581482019957925,1.39207899372196,0.626858831703241,1.74213313901491,0.962660856424925,620.498231742516,1366.2912984607,1367.87667347075,4501.94087866251,17310.3575002695,0.929267029167189,0.851615549669023,0.583498164739456,1.39386162350343,0.628643243413224,1.56285272839817,0.963313174228171,633.300941995346,1504.43940487719,1508.71324336891,4355.70219249275,18033.0802609124,0.933708738874089,0.846309436821212,0.608482913911524,1.4005245363426,0.651865290247933,1.66251072612596,0.965728769585819,784.159389710152,1649.24034520121,1656.59675452523,4920.18033290018,19251.6263517024,0.920864170141072,0.840885143454502,0.588538778860241,1.38126202237889,0.639536875941569,1.59975941250255,0.958811049695035,1124.28465775178,2123.66908807164,2145.17009929153,5722.59144664281,19317.483707273,0.890521741252037,0.800602652426147,0.541154157287883,1.33575109548922,0.608296528410134,1.79125294355539,0.942192315461486,1575.17624253486,2481.52801993675,2545.61925884562,6524.1308057135,19272.993956889,0.846960408012036,0.769345641551522,0.486114829759841,1.27040935977964,0.576149853561377,1.7375320021502,0.917435496218905,2243.12349623192,2805.45266111339,3105.64387162205,6329.71355209833,12598.2837264601,0.692809119593971,0.632158421725832,0.325861651502253,1.03917903183605,0.472737300207124,1.87443040077612,0.81818227502942
G2,Cultivars,70.0115488769515,1854.67327551733,790.311035696617,1820.87951934326,1818.64870069915,5004.21553057067,12513.0450849947,0.876109350341038,0.743171699059844,0.428422609312487,1.31411591838577,0.487357244902917,3.18347145185792,0.933359943418934,822.409675879895,2176.44929493219,2168.38229700511,5918.27444612192,16565.4490322125,0.902556134469217,0.773989475438509,0.482725787552573,1.35379353651476,0.532546960248352,2.90181702359065,0.948624072481708,497.595392714223,1658.82590429726,1660.44550105179,4556.85439190512,13737.388485175,0.926942359528426,0.791301882563217,0.513867180183499,1.39036230779729,0.550230095111967,2.93255856935734,0.961974468430929,747.946167551315,2119.25842717174,2115.176977679,5754.33159639165,18051.0765684554,0.919849618217006,0.793610224467622,0.521453885965561,1.37973557100628,0.565904920273539,2.52912410061205,0.958226575465618,745.242449522458,1846.1923211668,1842.38471852362,5622.14296156449,18568.2991840053,0.922726825370823,0.820791603721839,0.53599569500637,1.38404959400565,0.579906289316819,1.92062934065094,0.959790891055773,653.160005878565,1735.69476758045,1736.70182401249,4963.35578634813,18382.0152084891,0.93298142902638,0.831625375627241,0.584314991938202,1.39943359160661,0.625495956949141,1.86455228250751,0.965313304910696,764.122895370974,1783.53083633979,1786.42340846915,5272.5192195596,19191.751642224,0.922896039327067,0.833365093259622,0.575580833391493,1.38431078501918,0.623377864383423,1.72737894352796,0.95985768153807,1103.85504439456,2273.62156163819,2271.0006581417,6226.89995507229,19727.4925013051,0.894606290990502,0.792329972924645,0.519644593333096,1.34187852907637,0.581677885969264,2.02397062705437,0.944209323138792,1672.89071055999,2793.17269379618,2822.79517350669,7435.08530793224,19710.4061932271,0.844962585554565,0.755987384556551,0.458359522247952,1.26740974625904,0.543385480870793,1.94840160103782,0.915618770117798,2189.22328432513,2842.49035760275,2920.93088755124,6739.69948768682,13378.8732477893,0.728609823065972,0.660006380578348,0.340736848819162,1.09288006403515,0.470343659438726,1.94951996512519,0.842327690516292
G20,Cultivars,58.9564567169078,4956.32263789594,806.843090816922,1886.22912656652,1893.74744864519,5033.85411844073,12246.31195369,0.87146850560289,0.735060656814231,0.419952265594371,1.3071500097686,0.482404082412531,3.30952859726888,0.930857947203458,811.658974550133,2015.72406884545,2009.09147490049,5485.04747627743,15569.8613551442,0.899223661741521,0.770318921431711,0.478358622137226,1.3487927406388,0.532983366890446,2.71982445698205,0.94684837305727,490.465329318892,1462.32918024609,1464.96112721732,4060.76232331313,13188.8632732399,0.927382456092671,0.798771389286707,0.529239079689339,1.39102251304809,0.566572274409026,2.56208786786381,0.962195558963291,704.349962455386,1838.35751083787,1800.49276166277,5150.50874064486,16970.0351701225,0.918614137979896,0.802780388547072,0.533656664536075,1.37788036717336,0.581479001480835,2.16627018937247,0.957560840648539,755.958508435016,1791.36490168225,1778.04293472367,5376.48741698111,17692.258674697,0.916265895533081,0.815302036155947,0.532873234726446,1.37436217282503,0.581553537472014,1.89442663295188,0.956295001438747,762.508388736407,1997.92561923294,1997.68318627054,5466.17200043197,19433.7668657006,0.925179424067461,0.813592644538661,0.562052854318032,1.38773484905232,0.608281372589435,2.04821444003761,0.961119404402535,894.924104694458,2013.56547498312,2014.24024965645,5760.27971911376,20362.0681493988,0.915305818725306,0.816853262689881,0.557653890415973,1.37292671230611,0.609132475276589,1.85958498768237,0.955746835441418,1170.45787640994,2379.02399838897,2389.10485746457,6146.96980199598,19403.517219132,0.885795291838733,0.779387770643445,0.514878498013356,1.32866204751523,0.582511755072773,2.1191499035603,0.939303565062992,2021.56604561093,3340.96691074417,3447.71968587357,8276.39372141817,20750.7276045634,0.825614693532528,0.723474313858606,0.434910551210911,1.23839933033979,0.527490932922491,2.31626995058109,0.904032729737299,2654.28096497952,3348.40953092557,3861.97017104382,7382.37513637932,13686.6872270335,0.66295577376646,0.597332153810386,0.286527421996047,0.994404705665032,0.442280895342404,2.02960122707141,0.797348203178743
G21,Cultivars,61.8225917213635,6528.53580779247,801.431134025968,1627.14570097302,1648.12270443191,4498.10743731769,12166.4753610659,0.872181715050285,0.745581919584813,0.433969706523732,1.30821938694889,0.506885795337834,2.55953173293329,0.931242578986078,785.650875370234,1735.40527443566,1756.80289884077,4979.36908331767,15404.5593648111,0.900113621028845,0.784589161704349,0.494593749270212,1.35012942660709,0.554598518157523,2.19349826649284,0.947304093436588,482.910466415271,1205.86399928189,1215.96494677439,3507.99909877999,12774.9811060744,0.928278297226788,0.821802362752981,0.559384865785609,1.39236759748047,0.599487850216126,2.08419469931082,0.962656162423771,692.931079821166,1589.88231642673,1609.84724928445,4599.58910912067,16739.1358243501,0.918435803114899,0.821756394297858,0.559642000205638,1.37761418172342,0.61075689032692,1.82280148590866,0.957456924599603,710.779982287934,1448.59940569058,1479.57873227854,4577.66983838294,17092.8905094613,0.917385182408485,0.8397526624678,0.570660633669706,1.3760362284805,0.624000492033773,1.5759599464837,0.956889902214311,712.391682139897,1646.16287486414,1660.98762005108,4616.58598560477,18319.135343719,0.923944749647867,0.833519597446315,0.596599784215673,1.38588084856961,0.645045279320177,1.73163384446876,0.960450913655447,881.987560968379,1786.63941297091,1801.10126537354,5176.75674063017,19384.470446597,0.911260207961995,0.829006313816156,0.575652308179129,1.36685450196839,0.632106009124532,1.64915331202455,0.953549654662467,1285.39686177448,2392.24362492408,2410.46979819021,6199.26855057025,19179.9959852389,0.873847798710595,0.777413525175651,0.510884613351427,1.31073931806351,0.584352016721925,1.95843689889914,0.932652539519,1846.9357994096,2981.74522202287,3069.7218183908,7720.38909604991,20523.7448885886,0.838224122695371,0.752158521317519,0.461823589497805,1.25730881332785,0.552258336629648,1.89152517409233,0.911783583432911,2732.63400186014,3283.98758011694,3619.23927636075,7402.3834875061,13603.184148388,0.662384289811013,0.608166738959407,0.290121775557916,0.993547332464018,0.44329947298618,1.82838071318877,0.796712480328135
G22,Cultivars,55.2714259968932,7799.88913653819,802.154313570621,1854.85171194648,1862.41621269699,5009.23954147125,12403.5746944087,0.872820104738928,0.735898140612451,0.422006967049744,1.30917938681744,0.483241664664995,3.35848333369728,0.931574282621783,843.933103842217,2291.57047874642,2290.83165682555,6116.1696798553,16292.510438679,0.899339189807073,0.762505493821936,0.46684647889242,1.34896842952179,0.515631579866359,3.12502787312989,0.946917759423306,488.12986704159,1476.96238842909,1483.04345258705,4114.82720027961,13347.4318969515,0.927762326374714,0.799700142061416,0.527322833013743,1.39159324912869,0.561654944301606,2.66339992433066,0.962388510413034,779.297383950474,2089.19791603281,2091.20182745848,5652.74158916551,17502.7651278725,0.914884857223138,0.789381708403373,0.517413504331771,1.37229044093408,0.566889988414181,2.41815592971719,0.955547304169017,779.586309940922,1742.38713549253,1756.18787830659,5245.30587831885,17512.9862908606,0.913525157076415,0.818372659162409,0.537804328372492,1.37025117562176,0.590167819584739,1.7928304897436,0.954813958661633,761.805100223325,1877.41823756739,1877.5556224435,5228.27178623631,18901.8928777414,0.922527479673392,0.821688890026315,0.57288120054016,1.38375655114727,0.621788412744716,1.88443442923784,0.959679408803667,911.967865443992,1939.3741229162,1941.05770665329,5530.04443779097,19829.2901918358,0.911019169000194,0.820919571895893,0.565877049390678,1.36649567310747,0.621152647633745,1.75160000637239,0.953407761689619,1308.32289029165,2470.38937225668,2478.46193169818,6393.63645582326,18810.2814337102,0.868281511798619,0.767846283483477,0.492292193944151,1.30238770187632,0.566844783957069,2.11205126158146,0.929481897864996,2224.88036239257,3322.35610900591,3472.19126082859,8453.82821591411,20269.902134539,0.800534138247833,0.71616775432977,0.408315528993236,1.20077249705317,0.512420302285429,1.9987830964662,0.889281268446289,2881.72865451439,3265.27172284838,3680.06106503176,7127.82444704421,13011.4710557675,0.618822857217164,0.58494216123627,0.264352061777359,0.928203676752432,0.434236484914152,1.60610273175766,0.765638081109037
G23,Cultivars,66.3265181569369,2871.27573876745,809.580550312991,1940.68906876384,1943.97103373678,5101.7178745201,12242.4219209605,0.871980651058139,0.728446043358928,0.413407127375018,1.30791988234594,0.471607241454501,4.02042649721275,0.931152262929524,807.741024398354,2032.6660185703,2032.91662193604,5504.68543195567,15619.3925641798,0.900628278284454,0.770494096518294,0.478634238583157,1.35090111731306,0.530463065831384,2.78511222019503,0.947598106467388,488.914052662317,1417.17471864724,1421.39924040063,3865.1909951951,12901.7410540128,0.927515789412535,0.798898910585598,0.531768050925466,1.39122205711952,0.570298793799168,2.60373126008572,0.962265313318539,715.259048151301,1828.55286154546,1827.06721346447,5053.64493227848,17108.3682820832,0.919269592735247,0.806119615830057,0.541581553046318,1.37886464677527,0.589660475146861,2.13515359198307,0.957908926739347,722.684295751017,1679.68806240839,1685.80807832337,5103.84847729379,17556.0461003626,0.920081539371791,0.826717562566685,0.550845978347977,1.38008340787947,0.598958031231995,1.76607524959245,0.958334513029318,640.058887581054,1624.52246477631,1626.30290091792,4662.55314358091,18084.0358725589,0.930166264067693,0.835195033697363,0.597032240341583,1.39520986034772,0.642209295483038,1.78418265834974,0.963753992617666,793.068188267649,1759.49118045491,1760.78884611774,5208.84267587944,19209.8297960538,0.918792498879381,0.833545808587329,0.579366212147122,1.37815456111715,0.630330487027285,1.68219769392793,0.957594563230178,1124.67871281219,2294.70001210975,2302.03723013213,6055.06021603484,19926.2219236969,0.890404329071287,0.79139618811815,0.530582067050922,1.33557638703939,0.59599093690109,1.96656267214069,0.941704767642025,1537.87837212836,2586.67167064837,2622.87252812156,6880.28269107691,20248.7893743036,0.856879523051399,0.777801982628048,0.501682366383961,1.28529290128599,0.584518120763903,1.75079181302949,0.922377046702425,1864.37338900231,2615.33895306957,2743.35230716962,6119.2553402463,13303.2665500965,0.753047040265405,0.672359815114795,0.371513282428838,1.12953434060951,0.490302979700185,2.03484129847215,0.857731271315136
G24,Cultivars,67.5548617302751,2936.49470433287,809.079413533868,1917.45627320186,1923.94621773305,5072.81815532701,12362.3406125716,0.871922768527097,0.731225805174964,0.417720931633271,1.30783242699332,0.477602527370628,3.51876047793047,0.931112997273466,819.976255780178,2049.06265991125,2052.10517219874,5565.4440615045,15716.585545405,0.899125138958212,0.769204881447127,0.475919894459523,1.34864694355346,0.5301245159136,2.68067546108322,0.9468043797562,492.569672119469,1383.97511156603,1390.85615461718,3810.10939329356,12861.3024956741,0.927040381215518,0.803411849109967,0.537148284556005,1.39050872781344,0.580587376808246,2.3300751304888,0.9620185323032,699.53955063351,1717.21945765864,1725.72273775198,4816.92763674597,16827.5704043467,0.918931201496467,0.810927399423941,0.547284744042008,1.37835748430403,0.596071479278323,2.02060274344522,0.957727006315751,699.137981525853,1532.47119327826,1541.47338215835,4827.34980947482,17346.43677581,0.919787848101336,0.83532900796002,0.56099137589266,1.37963934515052,0.610809612197465,1.64371181192114,0.958172617825068,638.520943043061,1517.16905787003,1520.97979037942,4438.76565610186,17674.2369278421,0.927014234421882,0.836698632202416,0.597030679227316,1.39048047649912,0.643648956207068,1.72043950186375,0.962068717140832,800.588788258351,1676.80305418823,1678.30344128347,5030.72271356543,18662.3820764085,0.915950160650612,0.832452166186646,0.575812016918999,1.37388920287772,0.628912692819718,1.65013849161056,0.956060976945794,1186.0200781784,2241.86727070483,2252.98454369831,5884.18389242994,19379.2922362941,0.882689586743078,0.791107046244992,0.531559888850659,1.32400357178566,0.602030588364745,1.87659321744114,0.937473002541773,1456.94078695639,2350.39762509694,2382.55328360185,6388.12570305765,19343.399322276,0.855008678121135,0.780841210102589,0.502039583925189,1.28248050686217,0.585762919396565,1.66967858988401,0.921307602889481,1810.25493622217,2414.38974871238,2552.01094381909,5751.87978205743,12646.249949565,0.740477383785361,0.674072673696595,0.370457098351616,1.11067460113258,0.49453644670749,1.86093172451197,0.849126261183262
G25,Cultivars,67.9643095880545,3328.34749744085,793.869474257356,1665.3546376164,1679.07763687605,4518.21710649843,11706.7026327341,0.872396051324815,0.739463973634417,0.424979552586222,1.30854071108307,0.489381850998155,2.97135066377237,0.931355403416675,770.975674610788,1844.80878298308,1849.80415394206,5146.59786455992,15159.4351119937,0.901059116370977,0.776937026471207,0.484773170921611,1.35154615441163,0.538263353743363,2.47203218104676,0.947815762965649,493.199801505787,1361.65464807012,1367.30787261158,3762.40448713863,12714.965879496,0.926724345760566,0.80060145373629,0.531345933415848,1.39003336369394,0.574367965043421,2.34597931006262,0.96184782343374,668.606241712602,1709.74964648375,1716.63570223601,4790.72196209824,16697.83427175,0.921751634866316,0.810888701912477,0.547626174909541,1.38258417706342,0.594092956843182,2.0877636621985,0.95923181725682,648.459861724285,1508.43001400034,1522.62086174014,4717.24105162055,17295.2332978606,0.924693019159071,0.837978120745851,0.566288974696589,1.38699582162692,0.612085235402499,1.68097076582692,0.960786629734166,588.836224648483,1475.16120299366,1477.83538365281,4289.57399716043,17715.0020173294,0.931276320188599,0.8410062210132,0.605216285384655,1.39687339766189,0.650014151468995,1.71896580294822,0.964335571755902,760.936918705834,1586.23986767947,1594.99111207602,4696.36488259848,18391.0799188148,0.917599113626006,0.839249120168054,0.590027889253292,1.37636182684645,0.642903769375057,1.6008478044246,0.956952014194321,1184.71356786049,2153.25627443441,2174.15433399709,5670.23104841443,18971.6518826965,0.88042559322378,0.794107367392856,0.536429074227773,1.32060344887305,0.608708965405939,1.79967644390308,0.936219835508373,1519.50900666995,2387.51844400644,2440.38667350636,6385.55930260118,19464.4341769031,0.849667996322789,0.776871468371903,0.504784265180068,1.2744746111356,0.591249735669017,1.65781585926216,0.918038840049287,1853.41157386726,2529.83703670582,2719.83541925114,5972.52743198327,12901.6966072946,0.741728638560502,0.67068596613135,0.365679393832666,1.11255390729408,0.488862611739258,1.91608834573444,0.850065715390937
G26,Cultivars,49.1297081302023,6561.65979030353,844.491004643527,1799.82328803957,1846.59294340259,4600.82023477198,11272.3253916341,0.859496932685017,0.716894275129808,0.403188704196935,1.28918037567947,0.475858353928444,2.73511695951218,0.923810545007231,888.019611566973,1876.52319848151,1911.76819177574,5002.97364652728,14115.0833306549,0.883344359303994,0.753682569322361,0.456471177977988,1.32497643009528,0.522859408661474,2.35706068406174,0.937801818332046,512.571797708747,1501.48790203874,1525.51420985718,3957.54627420497,12156.134401206,0.923709230420925,0.771144811680049,0.491223721235486,1.38550608746247,0.546486875233195,2.56539800257217,0.960214918642936,765.658754159002,1767.03618083683,1781.10021986168,4731.99756444539,15302.6733486284,0.904396944762241,0.780749590268419,0.50715800674304,1.35655455000988,0.56550144698946,2.29185775690171,0.949681413031502,779.853580646597,1567.189802119,1613.57627769772,4653.80337792866,15407.6614072517,0.900213090908919,0.807518491461725,0.520680246154669,1.35027300545451,0.579632638096102,1.77545220902663,0.94731498996539,908.758919735787,1959.73666025442,1965.53637341542,5075.45114126189,17235.4000723529,0.897443090265652,0.787949551283812,0.535428121470061,1.34612974492994,0.597125796211196,2.1566913778162,0.945830186005077,1036.10491725573,1984.9665734194,1997.28835837829,5379.30294547285,17316.6403438891,0.888324651914903,0.793523898503856,0.529439598863845,1.33244662499674,0.595360140181022,1.88041909944297,0.940662061658132,1557.62243091288,2512.398846363,2547.9286531644,6229.93900378676,16292.0002497894,0.82176250596128,0.730867922090833,0.44730818917027,1.23260577457656,0.543148677578004,2.09273206081535,0.901708041859903,2554.39407708281,3066.32277518697,3310.71506299746,7442.32182658589,17596.2871199265,0.712854439998147,0.676866546512251,0.362857283784587,1.06924882204444,0.504855401863081,1.52515445736011,0.831853559103048,2284.27294629539,2446.30521058087,2793.86031689752,5451.19872762447,10019.2473898131,0.580967617313574,0.564398250176464,0.251585449677364,0.871411466635791,0.432694338672499,1.48077664399738,0.733997146110533
G27,Cultivars,66.3265181569369,3057.81864027577,797.442899339814,1964.60889232698,1961.95846201615,5235.94904146658,12669.6537412081,0.875055797816439,0.73717301258813,0.423656201956514,1.3125357894715,0.480890893415783,3.72922737796866,0.932780288931064,789.652473593168,2099.72763203305,2101.4602684541,5731.28962701278,16236.0121115864,0.903069342935825,0.773839143284754,0.483283439646563,1.35456324360414,0.533305838609139,2.82877046966286,0.948872714080975,501.103339901178,1665.58762991738,1667.19810059499,4482.2942812961,13877.2821429026,0.92658864852818,0.791725639107817,0.520800988346241,1.3898306417051,0.561792090112282,2.69400765788456,0.961782296435643,705.557582050959,1941.96158432936,1944.32683907259,5371.29603126606,17883.78497327,0.92257264412605,0.807979298813789,0.54493174224451,1.38381989479398,0.589367733581589,2.18811650461424,0.959676393635813,708.843950514423,1689.96402330546,1701.32757841939,5165.86447454912,18189.9673579596,0.923479810523483,0.829838106505899,0.557767049071328,1.38518083875798,0.604035555749247,1.76865217146814,0.96015002179339,666.383613690113,1693.26259093765,1699.90218298097,4703.27843608548,18274.5177142136,0.926775982070413,0.827088663728095,0.588143923138158,1.39012578299396,0.635014516317035,1.86258909468628,0.961951528995687,859.133382991908,1832.23186381119,1838.10599697589,5227.17061641012,19410.5671036788,0.913493065305234,0.825218818777243,0.574645429420533,1.37020705709788,0.629323654458542,1.73722414460998,0.954747481364844,1207.37504270047,2252.5637886779,2260.96386957341,5875.2567231515,19663.0873798349,0.882229204921465,0.791688556113484,0.536094402148806,1.32331265281328,0.60726158207547,1.85651007775559,0.937227824781117,1529.45145781513,2448.91432862706,2491.60645741238,6565.47209485222,19718.2924535946,0.853945308106087,0.776827823150187,0.502576324279074,1.28088821594643,0.585463632311737,1.70843472930942,0.92024058053939,1818.52235358316,2563.32857076536,2726.81977940252,6080.53547556578,13279.4975068502,0.752425751433651,0.673620331544276,0.366699428383014,1.12859871011195,0.487072037065907,2.09770193840101,0.857552531730685
G28,Cultivars,61.0036960058047,6625.26175672271,791.932102240646,1584.53238160057,1605.51785561568,4404.13866500507,11688.9975757428,0.872610759967356,0.742852934391146,0.428055885115788,1.30886366812514,0.496324725022345,2.6724707201153,0.931462164918914,753.619416785436,1698.02693174385,1709.52064183628,4940.20226158674,15224.0411786213,0.902425768186188,0.786735655908729,0.494685514978773,1.35359556010606,0.551904616162396,2.17442500439834,0.948525704157641,496.611039154556,1397.09592582548,1403.5696154034,3954.69562299668,13286.6459137481,0.926700530316308,0.806582431754908,0.536678401962235,1.38999868276408,0.583154479607033,2.13300754270806,0.961841134461864,681.354823665867,1739.59569327978,1746.4141515682,4966.99616793811,17036.8894655631,0.921378901037386,0.812113434347877,0.543302019951433,1.38202396858808,0.589984569932902,2.04558627009713,0.959034889545093,687.598085472755,1569.19276055498,1586.57498771321,4965.7989204477,17548.0922093027,0.921702615958997,0.832044948924476,0.551849892377211,1.38251247691669,0.600302339654932,1.69960998054382,0.959193707163013,685.388597675538,1798.49438901179,1798.88052782438,5084.12038665734,18772.4331561652,0.927509841440705,0.822509445825129,0.572962638155017,1.39122895604653,0.618813565008288,1.92720719311264,0.962334530351377,833.246684587995,1894.40338734976,1896.81741322966,5484.07727126445,19732.7970846572,0.916919192861877,0.822888148017836,0.565857460905295,1.37534485801253,0.617281531287953,1.80185645177157,0.956582514673966,1204.06883923793,2260.51131156992,2271.05528483492,6019.0872954467,19251.1183327853,0.880748854187805,0.787139966660845,0.519894344508626,1.3210861085191,0.590151902286732,1.89098936580499,0.936383266698807,1594.04473421546,2583.39904318269,2640.16951526347,6915.58310264153,19485.7254436271,0.845196978538256,0.762015070946763,0.470949050566169,1.26776663758398,0.558622384057099,1.80632958875612,0.915506284099736,2370.63134172411,2905.33623622034,3302.26032261479,6638.73141950077,12905.7567440045,0.674138924821299,0.616512484558436,0.301320541240975,1.01117263987689,0.453416447156366,1.81200874107588,0.80508662687362
G29,Cultivars,51.995843134658,7043.03553614482,805.249937620181,1834.78215233835,1843.35036570029,4898.75413121736,11962.2676608619,0.871638575669721,0.731288023637318,0.415485441817662,1.30740523801011,0.475930090630852,3.27931407122319,0.930962763734671,804.943420027474,1966.92646162183,1966.93043154055,5443.09494282219,15412.3195601114,0.899213730903798,0.771307484607154,0.478217383180459,1.34877965613258,0.53254630428345,2.61058258378989,0.946854462997747,492.614661187915,1396.00782268499,1403.13931214254,3887.1800640583,13022.238783557,0.926898774749251,0.80142785822801,0.534228306662961,1.39029618014928,0.576547814216668,2.35758258623016,0.961941835985369,759.277863467124,1943.10843640799,1935.06992456873,5272.03933514007,17247.2606736759,0.914655311122057,0.795109896727155,0.528735257901095,1.37194491304605,0.581108652899857,2.22492490172583,0.95542311843396,768.455212206197,1700.29850088282,1708.96971495872,5120.58061305191,17613.7871973931,0.914813879249587,0.823288418421123,0.54778769420982,1.3721772105857,0.599787524894787,1.76399597552262,0.955518639544513,750.490008308851,1848.14003568386,1849.21566900543,4960.53324236175,18598.2370123622,0.921931535104358,0.818772483508226,0.578757547956773,1.38286350939965,0.628347657958015,1.92346165704642,0.959371688064884,879.43691679797,1909.11731475574,1912.32218942836,5307.67816333336,19631.9709493335,0.914345398636795,0.821833415708785,0.5738025915969029,1.37148616382731,0.627424620573367,1.77365199726416,0.955218614331312,1157.08952813634,2216.94928120943,2230.83387838667,5821.48773556045,18939.9745357389,0.884672536135308,0.789280503712814,0.528263649258439,1.32697626081015,0.596000382960139,1.91357719230055,0.93867520663628,1628.82575330726,2485.48240419246,2594.38013400402,6695.6518627015,19370.6310745602,0.841812936490294,0.765895849174248,0.477220509253686,1.26268883790549,0.567089787077502,1.68479098464073,0.914003966590563,2238.86262102156,2597.60814092041,2874.33154592975,6119.2553402463,12248.6614750172,0.677250586875696,0.642296251989912,0.320072208835866,1.01583735228864,0.470932376591415,1.51417032539054,0.807059593101494
G3,Cultivars,59.3659045746872,5103.76356004949,840.317296414813,1827.45341446183,1855.21070793994,4770.94188565189,11384.5694918765,0.861220507132111,0.719338624179843,0.402468671463852,1.29176818002283,0.470580568712341,2.92234660237978,0.92499787583702,833.407258171863,1871.21692976868,1888.72194280756,5081.29990590426,14419.4901135822,0.891416939767141,0.76205030943591,0.464378879936999,1.3370832250372,0.52533290705788,2.54279070100319,0.942562199213836,495.531226966391,1545.51742282315,1562.02477935097,4234.50074379546,12729.4010655582,0.926281589406453,0.782639482914049,0.50239618729639,1.38936859944529,0.540672242301021,2.85515631650462,0.961598277554151,753.36923377535,1960.20992328888,1992.48517503368,5329.32839269929,16158.7610314889,0.910777840365408,0.779151087244538,0.496606051267616,1.36612819805573,0.54828570762603,2.47070160604233,0.953304336039965,792.885661127805,1826.58363368177,1852.11676859904,5441.83104478709,16622.9880364211,0.908475887933192,0.80084168709629,0.504206945950935,1.36267526401273,0.55527971272907,2.02162357537369,0.952049822201919,879.809505715094,2114.18978323421,2115.69582819922,5650.24224933731,18355.9646320009,0.908795596124788,0.789365994396186,0.525624797580018,1.36315838115535,0.58054061426534,2.25846474298737,0.952210244826079,984.714009045419,2054.8059187618,2061.37476601354,5800.31017325539,18972.9264602293,0.90164867202887,0.802631544582732,0.532711028333054,1.35244073184138,0.592324249994039,1.90552427805721,0.948241038996283,1435.11736436082,2538.16945954708,2547.21005824676,6536.14965225812,18148.0172468479,0.850356812276571,0.755428872799455,0.472088201454968,1.27549872535599,0.555252005616619,2.1147401177546,0.919208330701353,2276.21860670359,3064.43778140335,3142.54527684208,7834.68887774328,19259.2919641396,0.779310765730683,0.718244177054029,0.410831007280373,1.16893831021624,0.526383573723882,1.73224577482485,0.876035572655721,2927.41361599404,3225.86991807246,3612.8073578444,7190.62843808104,12755.0924818431,0.620448108507633,0.592493951324772,0.269509361260889,0.930640718205297,0.440289998629708,1.55191532960902,0.765146174397556
G30,Cultivars,67.9643095880545,2499.90493484531,804.077067547939,1544.3928356767,1592.45760017848,4174.59367509816,11130.6615615872,0.86891769516159,0.73996167314994,0.426162954983472,1.30332030210176,0.500363000561454,2.38837288226222,0.929541842824521,782.613010389998,1610.43183029401,1632.56567690538,4560.32240625147,14438.92436993,0.898717608005371,0.786047233606235,0.498315468237288,1.34803490590218,0.562278256065995,2.01025634002035,0.946594684765588,487.814174639997,1161.93748723919,1175.66231280467,3305.73687677921,12409.1345404417,0.927407682376871,0.820214501732372,0.56408680194507,1.39105975653455,0.611265496892529,1.94923032231959,0.96220649990149,667.54113020773,1551.93505548916,1570.10325570046,4446.36896580233,16666.7206116333,0.921452093765368,0.825543001747574,0.571080397313963,1.38213774703387,0.62087600265559,1.80443666826131,0.959077099134485,676.465483005812,1468.62859417209,1487.76895692833,4644.98976026455,17761.3433411388,0.92423010296467,0.844224243333887,0.577337163765799,1.38630658332392,0.62535148250134,1.59336270565242,0.960560652911225,615.434650275027,1449.91405789119,1455.62870371999,4177.27703217143,17718.9028636271,0.930457436830242,0.843244140763334,0.612274240957818,1.39564827883596,0.657914309174828,1.6743800956755,0.96392937472514,814.361320001377,1641.36528536002,1645.43331533778,4748.46572974066,18589.4983857336,0.915056586620386,0.833892889118848,0.586235921546627,1.37254910039909,0.641294336580048,1.61236299117833,0.955601296157389,1118.31118408901,2082.17144533285,2098.04189574657,5568.41054020227,19086.4603020256,0.887818758164565,0.79899492505221,0.541300122420119,1.33169228773824,0.610129815795931,1.77757065044136,0.940387474231766,1333.41758337389,2144.84445745577,2175.88397657015,6084.28435979997,19500.5539867317,0.871673891764017,0.801445024439948,0.526146446252557,1.30747852336753,0.605030645675132,1.5485868116492,0.931117029290854,1540.47796290565,2176.99387493746,2241.86535476275,5454.53345281227,12803.382037006,0.796314463706216,0.71966860332476,0.417945061306231,1.19442824505318,0.515362713704811,1.77942719575204,0.885898366131856
G31,Cultivars,62.6414874369223,5441.42238177101,800.561301368291,1874.8661028573,1881.08818369035,5070.51810407886,12698.1113277464,0.874046200350176,0.739798312617749,0.426210003795439,1.31102053496482,0.486788979895248,3.18703970598865,0.932205559538136,814.27933248256,2084.15848362349,2087.43075503673,5713.29453238226,16263.0839149842,0.900937282770145,0.771745323938797,0.479401177724947,1.35136614085453,0.531349943492466,2.68169196270477,0.947756845958799,497.504843053588,1519.49796212032,1525.96560339601,4191.89122803882,13686.5915125917,0.92685262502388,0.800626858677801,0.533837674675575,1.39022734742225,0.576868033498221,2.37035739572971,0.961919972784286,712.135302899178,1831.03963330072,1837.11371919081,5146.35154112719,17735.633406563,0.920607671825167,0.811399008898332,0.54813087972269,1.38087332809232,0.595607951032412,2.05355136083018,0.958623159245716,713.764917353735,1601.92971055488,1609.15612085214,5027.09731791798,18248.8485446936,0.922312800440195,0.837090685680189,0.564473386376261,1.38343354981753,0.612825385327691,1.65766305642413,0.959533038489712,724.233814305712,1734.63396316438,1737.75928496167,4860.93772956231,18981.1929104974,0.925727162363874,0.832431329440159,0.593996432752992,1.3885538945791,0.641289312594559,1.76755286554453,0.961399421611094,883.192808544951,1828.70881068665,1831.28389521577,5185.67519421395,19595.5390258912,0.912672616009029,0.827881949418704,0.577973904973323,1.36897684256741,0.634727659039886,1.67912329340029,0.954307633218132,1307.80309441442,2367.38598952265,2380.30559656384,6041.16935885323,19501.7690653901,0.872526423516296,0.78060570353402,0.523860512575223,1.30875811461569,0.600675547049887,1.90218434422857,0.931855097347548,1702.90987409154,2668.96371040008,2711.87787493395,6919.77785204841,19916.0442649282,0.841963221222024,0.761742599156402,0.484619135776226,1.26291594129409,0.575147623634174,1.77713870867275,0.913964182231097,2246.70856770382,2882.48318945031,3094.38356279864,6427.16163258615,13085.0309627567,0.706021871356198,0.640671575762173,0.344619803449751,1.05898831989275,0.482798492505041,1.96747049345645,0.826760340720096
G32,Cultivars,54.8619781391138,7995.54603323446,803.883919881891,1793.43537020569,1804.47966437484,4838.33084793073,12411.0854765693,0.872731515477866,0.74099582544333,0.429466756076433,1.30904660411909,0.495713790119487,2.85259696142481,0.931534341006526,802.531988917836,1993.57622817224,1996.32932913736,5510.75153720936,16027.6379198805,0.901375586276505,0.776000090065534,0.484893774689516,1.3520222657344,0.538981733697735,2.52285268676469,0.947985973473998,496.806360915914,1450.70212111403,1455.67523677664,4057.93680051833,13620.1534805322,0.926880394986801,0.805093384856114,0.538306352105308,1.39026870872916,0.582453601047519,2.25191886446649,0.961931760713008,698.247161646099,1801.3180687623,1805.99805907393,5122.39809026128,17677.5968831898,0.921829736648096,0.815885500918102,0.551536248879626,1.38269931555339,0.597956084568269,1.98204896594123,0.95926900911435,707.50419401052,1611.11066132593,1618.65015065514,5023.04600389775,17895.8454844538,0.921743263396024,0.83381272907367,0.559557734924328,1.38257680014898,0.607128873804783,1.70900020995067,0.959229544708575,732.937604725688,1874.4479852024,1874.59473178579,5142.78899869284,19268.6108495405,0.926086906219532,0.825241304286011,0.580643494276266,1.3890962691267,0.627547051013294,1.89262667381831,0.961595234845949,894.734519203247,1952.63738119944,1953.46152656609,5490.38538720986,20229.8274753982,0.914620307629073,0.825068594160248,0.574212443857898,1.37189739551286,0.627929442419324,1.75246740571279,0.955366547101488,1300.71845968612,2421.12179161556,2426.31924292824,6185.85484232611,19473.4984888253,0.872849984753965,0.777401487293857,0.515633874892724,1.30924216690309,0.589942637175159,1.9916055014389,0.93204270882115,2216.77003644283,3250.44313465324,3355.79646868831,7916.05311186347,19955.1328518952,0.797235341467776,0.715026477646399,0.425234161311231,1.19582677507068,0.534479386782559,2.00237281082228,0.886964413751323,3184.11089641835,3505.03170490985,4048.99926603658,7402.01296248523,12781.8852520852,0.59285084923557,0.559430012582788,0.253522661018068,0.889248434986182,0.428575982742852,1.67431610330257,0.742779703733088
G33,Cultivars,61.0036960058047,5827.49317793179,828.609289516012,1745.31044142279,1773.08371343577,4662.57448519257,11582.0933370097,0.864486717315111,0.728214886461865,0.411923249205065,1.29667130832742,0.478609686785753,2.76161890834268,0.926741370190433,835.663317581785,1797.94740071683,1840.67228974054,4975.81321824657,14454.1552492624,0.892293905358875,0.768141243784595,0.47166310682575,1.33839790680937,0.532848576366992,2.2190321750782,0.942990463987621,492.263349687013,1299.0450687675,1354.76784409809,3746.74316215623,12578.0505303162,0.926793406605239,0.806863435012303,0.534130349902273,1.39013754164308,0.579371745919956,2.08648978082597,0.961896182640777,699.912293489843,1506.01754208694,1596.8080133584,4417.28546722716,16013.7347803099,0.913530133017711,0.817529218983409,0.549695537690013,1.37025220473619,0.604901330928176,1.73710484914378,0.954734199246314,655.34657140402,1333.24886682909,1421.16318917101,4365.89665947549,16137.2114435558,0.91801970549318,0.840860578426986,0.562085653141595,1.37698402823511,0.612543837028313,1.55999731711025,0.95719757929834,719.058346847438,1584.63621873208,1597.1169787205,4410.13698739767,17183.9046940874,0.917913548675438,0.823917813683917,0.575379928141793,1.37683263870378,0.626783915545011,1.76296845071035,0.957192191284916,951.368657564694,1831.6101481857,1843.067523187,5127.7840078172,18170.8032533676,0.902996841452877,0.815205880319265,0.554761776469179,1.35445745453073,0.614205495868103,1.69792716220419,0.948993988149227,1318.68539467116,2306.1968039578,2323.89149573151,6013.51623480304,18405.7560498542,0.868314103907947,0.776733958217701,0.505290128535634,1.3024362293538,0.582866410795292,1.85722276388782,0.9294782656807,1818.46913811599,2716.44253120787,2763.40937073027,7138.46979402887,19315.7902079145,0.823848045702161,0.745280843367081,0.446744636236678,1.235743756165,0.545060834145357,1.81830410020404,0.903480063049177,3157.30062457338,3417.16568025955,3791.14207419379,7488.90107987836,12875.6885683318,0.597870486986245,0.573310840515923,0.252976229216952,0.896778273757898,0.424376248310425,1.55051338472093,0.74672443092051
G34,Cultivars,60.5942481480253,6585.13077791122,798.709977687417,1887.57543497378,1889.3066081591,5010.63719076303,12247.9467853993,0.873590661670585,0.733198579423593,0.419327891341998,1.31033530491264,0.476524805342635,3.7338727803172,0.932009268548862,758.583743953503,1856.81262957501,1865.0852848097,5204.34257228437,15388.854713733,0.903356814674966,0.778931609501214,0.48691221396973,1.35499216214953,0.537860556226216,2.54607463935637,0.949027330155591,492.752395595375,1374.8823472514,1379.39329684664,3877.99041177012,13089.9418235271,0.926895242297019,0.807179562517595,0.538544417522733,1.39029011419724,0.581500744415217,2.23346855278479,0.961940041286391,666.362247941302,1696.77151240507,1714.16058958597,4801.40697956805,16689.1190511435,0.921238677250523,0.811848397660551,0.546422218345219,1.3818136107377,0.592441136939976,2.05695028887986,0.958958162836704,667.898435978885,1544.02873052941,1559.3323998281,4781.77100505438,16948.7873753991,0.921085014227281,0.827272327248625,0.55085895221538,1.38157932575662,0.598083252768971,1.77774899624368,0.95887998107505,676.105558039706,1726.99617136867,1727.81915203937,4733.51998935328,18085.0336868605,0.925124229558745,0.819091110793642,0.573401502081317,1.38764821793484,0.619902616057844,2.0012039711111,0.96107074159488,855.335590037332,1886.32108957128,1887.51454925884,5364.42326583126,19361.5220569151,0.914168975468101,0.819594484879741,0.561444374847044,1.37121893508051,0.614329666984156,1.8439840972359,0.955101740187732,1170.05327606445,2282.97375777443,2288.49334518246,6046.38801687711,19174.6551603722,0.884190864495073,0.786323610630054,0.519221973670102,1.32625362447607,0.58778859291478,1.99514977807324,0.9383636633077,1600.42099508311,2583.78989800145,2642.77446689239,6892.07945166838,19459.0074586384,0.843640306582014,0.758043719858342,0.466903649188423,1.26543201317735,0.552957626014974,1.87320004953152,0.914501830018702,2467.831943766,2997.73346841988,3247.99517037462,6718.02377396615,12568.8451516619,0.661709031500864,0.611251289493263,0.293840712218944,0.992526513001578,0.446994310521721,1.80831945961425,0.795193639515921
G35,Cultivars,72.8776838814072,2101.92714497123,808.074646974445,1998.31576412051,2006.1376143492,5267.96417110382,12629.6266899141,0.872980931643947,0.72862347685077,0.412590632430305,1.30942145516707,0.468887084790895,3.82188485124146,0.931656076811252,829.11227378237,2242.88270138165,2249.5881243586,6020.01786294659,16295.8016514503,0.900064455756848,0.761282700598942,0.465508000538457,1.3500556679364,0.514177465678878,3.14174997423921,0.947299461485033,499.249288470926,1585.82085326667,1594.15988635421,4306.4423303017,13563.9973384999,0.92664617725115,0.792290741493191,0.5202206398535,1.3899169066169,0.561753207696756,2.59187715713949,0.961806757638955,680.838908494744,1832.99931171202,1845.54177498177,5160.61097827581,17493.8998780249,0.922527133166716,0.809859029577931,0.542082229585864,1.38375066938898,0.587325305782729,2.12569241589468,0.959641604693219,682.957200919159,1573.74711647762,1596.69908244639,4933.90017037809,18081.5787845766,0.923925378781738,0.835834509127194,0.565538040884974,1.38584915732727,0.612255070464874,1.68901111165362,0.960387000254734,536.474115503237,1359.74568252525,1365.32153865987,3972.64252847915,17640.2499759838,0.936493138439158,0.850213174046522,0.620760243563814,1.40469357127398,0.66303359059422,1.6510154330613,0.967114693055014,692.258190515111,1458.58100576788,1473.02021127044,4407.12149848701,18391.8054300301,0.924030858768529,0.848450794712147,0.603012558491017,1.38600943930829,0.652879880412922,1.56281540507476,0.960405594363706,1050.3591380496,2034.48615946672,2057.874114886,5595.67778873041,19269.2684731973,0.894826643157799,0.807467571595755,0.547049088077192,1.34220779711531,0.610664570244034,1.77703395644726,0.944258745710776,1351.868525231,2287.832606239,2341.57540630614,6462.16670417475,20028.89050869,0.877039218657266,0.798789006877495,0.522221946897008,1.31552645410125,0.595257447398085,1.63520055197277,0.934055782132248,1551.88236689036,2298.54844267117,2363.73640452494,5749.65663193223,13244.8302534404,0.797091715236001,0.712547764861034,0.405691366089798,1.1955944197966,0.50195767634453,1.99643767675693,0.885710692747411
G36,Cultivars,59.7753524324666,5594.8903007424,802.087624084799,1726.24915740294,1742.96802779439,4634.50928955191,11693.8598113345,0.870938470630668,0.733217846513664,0.419285392992952,1.30635415560533,0.483180844331834,3.08499599367587,0.930565569923777,778.553880468084,1811.13741748145,1822.0686329776,5074.3357325133,14909.2949277664,0.900045124460435,0.774850486067921,0.479717453625993,1.35002809955177,0.533787995446099,2.49832582419724,0.947279965317157,496.604977973732,1320.46544099334,1323.37824412593,3724.84902137898,12689.5903284254,0.926286274386656,0.803049030369734,0.531972394319947,1.38937587515435,0.578106414105784,2.20676523925889,0.961615891850321,687.350638371051,1712.87607231839,1719.47105187988,4867.24287250088,16724.9553250666,0.919251998169631,0.810109824481765,0.541262106575035,1.37883767455091,0.589861849365233,2.0255690120464,0.957898147790331,691.011432259359,1543.72785246209,1557.28367286974,4866.70896321756,17200.8200184176,0.920240263679012,0.832556864426591,0.55375584811287,1.38031524575439,0.602071856718855,1.69643472966718,0.958425826023994,667.48197155203,1692.41394740479,1693.13443290621,4857.71196423043,18441.0951751001,0.927861068209938,0.828622529586164,0.579275869685742,1.39175169212146,0.624753919522531,1.85301559453269,0.962552042283085,831.299982613287,1812.95869142943,1815.36565924148,5341.85934747154,19481.8077271175,0.916515248652577,0.825744105454906,0.565334962328853,1.37473881500848,0.617080666601887,1.75101008628717,0.95638876789859,1205.40123931477,2286.19731459448,2295.11600992873,6067.32986861302,19295.1756978594,0.881344112714021,0.787165598572533,0.520504812475146,1.32198351205841,0.590876874482236,1.91597945033006,0.936788120584688,1532.70081635827,2416.26932048423,2448.73925351254,6689.1693858279,19634.6516980382,0.854646279218704,0.778286944934927,0.488422095526949,1.28193832427645,0.571631547488696,1.69190249529771,0.921390506130745,2344.36760334738,2831.06383421774,3139.27164131839,6464.95518471451,12764.310992612,0.675246835176189,0.624635761103696,0.311924905013204,1.01283603835957,0.462694089527331,1.741399532976,0.805225197967723
G37,Cultivars,59.3659045746872,6740.31369597712,809.859801905918,1626.62266109685,1669.76646102149,4388.07824052734,11280.2580366201,0.86748740683185,0.730781554769611,0.41552746314314,1.30117580787188,0.487253261995198,2.54120394776261,0.928742989978717,809.566146603401,1695.64424719191,1735.94828081196,4616.4674083249,13888.1351100657,0.892440901760331,0.764125818327587,0.466426066185621,1.33861931033769,0.532011169761641,2.2722425792901,0.943178052281548,490.903737850226,1129.81289243224,1147.52076431805,3247.10819978885,11717.6609692235,0.926683135120318,0.812384012558387,0.544109349647096,1.38997142947395,0.593259379585898,1.97071412717759,0.961810263784362,672.153263773925,1475.17096975221,1511.20284666756,4248.32664633387,15332.1069498742,0.914604959061234,0.8097602762787,0.539016990639706,1.37186281770019,0.593526825762636,1.87705938685327,0.955386371927062,664.532292355997,1339.11968082436,1391.694085884,4309.42237646695,15643.1376772502,0.914485645597732,0.832080781917007,0.551896283329104,1.37168316504533,0.605499937971135,1.59816947210082,0.955319380408905,725.194558060373,1663.98438905412,1674.10013582093,4668.19823447599,17624.7267206089,0.919368378046987,0.82370463795597,0.57218986380694,1.37901726153213,0.622877229691197,1.81314218755042,0.957982979071079,892.286047758738,1788.91903522921,1812.67816301088,5201.61233069645,18578.6285983276,0.907455195575367,0.821970232815404,0.560055216731443,1.3611489407194,0.616875966173988,1.68048025710802,0.95146131474471,1219.86418447755,2216.160911455,2235.39317381533,5909.52898067345,18290.9752002222,0.873006949455324,0.782685825522671,0.507708497734141,1.30947487665655,0.582023414238437,1.87014585556206,0.932103622641939,1757.1188955377,2660.26763374668,2773.04781644093,7195.75187091332,19678.6024561827,0.833258244254191,0.758277689374836,0.458524962637855,1.24985540212859,0.552596738178803,1.71654511702136,0.908750884270076,2710.88940004857,3066.29260872998,3365.50100041392,6940.15352397546,12904.5708252923,0.649266569871374,0.612722436392248,0.295284661316231,0.973868537923608,0.455766863482262,1.56918188297689,0.786329442588569
G38,Cultivars,61.8225917213635,6270.55094400436,789.195242251153,1607.36409095894,1631.95109074013,4542.34383212614,12282.8335623685,0.874935260105699,0.75149087994575,0.440245162173169,1.31235452506002,0.510142753919363,2.4699834480416,0.932681027952669,750.389025500535,1688.02885996506,1701.92608863806,4850.52533899643,15572.5719596662,0.904073951222168,0.791047197221371,0.50664859325002,1.35606900347148,0.565998082257348,2.13249229733213,0.949398658476705,489.672769159813,1178.7605534944,1186.48112609072,3463.96626525167,13306.9523434192,0.927542752725014,0.829380639831166,0.575221042949243,1.39126293595455,0.625270960859985,1.78918802856253,0.962286525452232,631.193806440311,1427.84003172547,1443.92325435854,4273.31775424841,16796.4017245123,0.925501263061313,0.838071928245559,0.58489864953314,1.38820953076958,0.63206346052843,1.69116324144345,0.961234693530248,688.851300341662,1432.15821575707,1450.97850237663,4641.12639645667,17763.6194939021,0.923779773767917,0.848432231171901,0.58191857098422,1.38563198113869,0.631211468219916,1.53772998202896,0.960327544306718,688.881104596064,1644.25342691521,1645.9716745727,4701.26233276106,18950.7267370687,0.929138516259828,0.838084866729617,0.600766909165416,1.39367297904725,0.647170685424123,1.72171037964435,0.963233894438292,835.055874360267,1731.30675688485,1733.50044365843,5046.60626563232,20093.2735563773,0.918886333750278,0.837234251688398,0.592026165392131,1.37829415682626,0.645180625147115,1.6151597284161,0.957678026820107,1145.62598778548,2077.70920688636,2087.8015240655,5608.01178139413,19358.4288574751,0.887334854617883,0.805284330455001,0.550374442303337,1.33097086621961,0.61993489477476,1.70787677919525,0.940179520594534,1484.80249228439,2372.93454113199,2418.2588055443,6531.13999146245,19906.8240846709,0.862762862950684,0.789813413083246,0.509800061046655,1.29411436873308,0.590432370279072,1.63606600486614,0.926100528236449,2369.96895384672,2747.72901711666,3011.23192375124,6492.37403625861,12714.665781135,0.681685099028074,0.643132160960531,0.318744054116579,1.0224948410827,0.467329436797455,1.55664660637168,0.810047253614831
G39,Cultivars,59.3659045746872,5532.85633349535,812.92838441093,1736.34651548191,1749.53826028651,4701.33769586806,11711.2145824348,0.869056468949232,0.731843554422316,0.414907386656463,1.30352872265647,0.480655418036057,2.88545087154388,0.929565646195959,777.627628266274,1815.0969185045,1820.40983192774,5098.34657698807,15066.6085414158,0.90046691009676,0.775676352103759,0.480703027700494,1.3506572509007,0.5354238304543,2.47916951181722,0.947501040497822,489.469701488712,1344.17615441545,1345.6334269885,3835.53550295852,13177.7163234823,0.92749340935377,0.809335146227234,0.539839265736023,1.39118891833964,0.580005255906323,2.29107606406802,0.962260045241661,690.731002833263,1742.44714552387,1747.7789477091,4984.03970101095,17156.4980183896,0.920679777062865,0.813629065350726,0.54602313292119,1.38097991249298,0.593206780676865,2.01639795104116,0.958659202206096,759.256220200537,1655.41289194307,1674.47816705573,5053.5343123828,17752.6205377719,0.917009900030201,0.828337039817028,0.555228990995601,1.37548050597459,0.605890745987938,1.71526281134958,0.956686345105446,733.648385754441,1762.42703886541,1763.13834774204,4796.42241789036,18492.6784898866,0.922465191332515,0.823081773916282,0.583476766154514,1.38366354664977,0.632664595532119,1.87545105692544,0.959660143689952,896.577088228331,1909.7390299065,1911.701997857,5306.96276390549,19712.186178453,0.911933762898292,0.82163453917828,0.570870612072172,1.36786630448721,0.626916349170343,1.76032305198574,0.953919858291224,1299.50339020399,2505.13171520125,2506.67658670617,6286.49421865774,19592.2120779803,0.874202652771983,0.772970460306467,0.512886364022477,1.31127195052431,0.586470843542008,2.10326971689465,0.932818354220075,1795.43041876779,2849.65137878128,2928.14370921368,7122.17535453888,19539.6877504953,0.82740131824464,0.738663575417536,0.456010326549986,1.24107518635679,0.551493025880361,2.0532808723183,0.90521553582806,2805.2066851936,3331.26974584804,3806.24496905075,7123.56340930425,12597.9369050433,0.629050725925242,0.572769863400133,0.271862725412733,0.943545917878032,0.439294024348923,1.93675985531981,0.771207304050534
G4,Cultivars,61.0036960058047,4843.7696973221,808.798706283002,1955.99425838213,1962.08067611426,5161.51668619619,12425.9062426,0.871433383881481,0.732120070240775,0.418579547468806,1.30709754822066,0.480488011209729,3.38633240312872,0.930767573230496,813.243900796118,2127.59747243011,2132.30522749921,5726.42583795128,15948.2105479769,0.900156015599591,0.769373100056569,0.477315340076564,1.35019264491868,0.528900314625553,2.90771137139609,0.947330453971279,496.926996891959,1539.50410933088,1545.38619681001,4153.31072934567,13347.8490980837,0.926625826866884,0.792553154130212,0.52409281003978,1.38988615485084,0.564809747842574,2.62866378044781,0.961798177922643,695.39311076606,1836.66395539286,1853.95158258453,5137.58427008807,17212.9302252292,0.92069856593312,0.80499262692801,0.53749042507499,1.38100121635931,0.584315078197636,2.16941819040773,0.958682786977604,769.182489860306,1806.94273652953,1847.1129444721,5365.95468959608,17872.8524760218,0.915704400886412,0.815190115138753,0.534226139466973,1.37351617730403,0.582800180138925,1.92568466862331,0.955994464451234,746.835296805639,1858.32375807814,1865.71205981266,5083.11233506697,18588.1573403951,0.92220917881682,0.8169972745293,0.568274694786577,1.38327956032749,0.61684897819785,1.95513969736864,0.959533736479092,846.924248574938,1885.90661229735,1895.99049078855,5424.93038050262,19656.1508927552,0.916001291414947,0.824828413234775,0.567545633041942,1.37396454833738,0.620063259049939,1.76283341010771,0.956117625761918,1188.85965135923,2196.70837255422,2227.66920298756,5873.48284513793,19099.0979968623,0.881177473293557,0.790582632048007,0.524590706533506,1.32173475274918,0.596099511870333,1.83321378225486,0.93676619008455,1677.58163061363,2539.29881512232,2662.16263792708,6855.58938002387,19601.3609670355,0.838520244749898,0.763882693006338,0.471985898438623,1.25774742549886,0.564643485468737,1.70082981504281,0.911740259351134,2379.21086297864,2872.04171118469,3136.4023546187,6612.79466804014,12886.3160944643,0.687687771892437,0.635075570161806,0.322260410595791,1.03150301951219,0.470467398111521,1.71450569375211,0.814103037413739
G40,Cultivars,65.0981745835987,5235.6714904042,798.216471067692,1719.35301918759,1739.57671209158,4762.94643764149,11975.7761134738,0.873348499783026,0.73991155282552,0.422181180707381,1.30997151252402,0.484083765608313,2.97992629138303,0.931972433089939,790.213982038614,1832.2719405582,1836.76466195863,5200.97852635325,15578.8479391409,0.901756109405287,0.782064721255245,0.487137485925135,1.35259199090424,0.542936899429848,2.3620519885963,0.948259768191715,474.613061819328,1278.74315771319,1276.83581417506,3846.81360447851,13582.4100367665,0.929548373217357,0.824089694834419,0.556110045340841,1.39427494415295,0.586785437586373,2.29011143084376,0.963333193861358,676.989925438777,1614.83766739229,1618.07362993499,4756.84896447825,17290.1244361631,0.923423769083981,0.825711735542381,0.561855450145673,1.38509338685446,0.607797919878533,1.86113173118678,0.960165233941317,637.125986734987,1444.21537165048,1454.27068821873,4797.09309238698,18115.6163068837,0.931663369508435,0.852330244690923,0.579412527965042,1.39745554083142,0.621156030680505,1.58726222760144,0.964609060237137,553.190146846435,1376.93071406558,1379.49151537891,4169.81745063908,18148.6835128915,0.940927033037574,0.856351204156621,0.618553324501765,1.41135123664518,0.657158922054019,1.6289970416231,0.96957253664171,678.42513201948,1437.44268756761,1442.42411970096,4509.98670286196,18799.2170194058,0.929149252602113,0.854590391361734,0.604345465236127,1.39368624456714,0.650344019542897,1.53173912734749,0.96328421812702,1068.18552919756,2016.73090546724,2015.72974897745,5585.76735601836,19018.8874245116,0.894429853467962,0.809261802814718,0.546360891865073,1.34161264673995,0.611167874932713,1.7297163076196,0.944381569561472,1333.12106439347,2151.28539674186,2180.49398267894,6140.71116955622,19313.5828619736,0.873340813590398,0.80039622507709,0.516415143296211,1.30998013892803,0.592746235708782,1.61678747549998,0.932754548583259,2089.27785814235,2592.48590629954,2856.56844351387,6207.6255577229,12917.4806423345,0.721338093919684,0.668719545400474,0.354950368841604,1.08197175671133,0.490396185303721,1.67542581166521,0.838050830032707
G41,Cultivars,56.9092174280108,7820.07712587925,789.024203809915,1813.70651734836,1823.64800269871,5027.03159721147,12793.8568322958,0.877288187401295,0.747707632160774,0.43465203278645,1.31588713951631,0.49584555197216,3.11132333146303,0.933961441185241,795.809367612711,1978.15323624464,1980.41315742654,5544.82679805172,16286.9258219546,0.902955999386881,0.780026849688674,0.489836584501196,1.35439554045636,0.544637485551437,2.48775474377546,0.948815364035169,487.374875195076,1376.59508870202,1377.46796103469,4029.81056691173,13855.6114950475,0.928022601974379,0.816568049477993,0.549825287725986,1.39198354227641,0.588165364533727,2.23483736951946,0.962534675569437,743.416344095769,1860.87692184045,1875.77352578485,5188.04195385909,17491.0158603806,0.917598371297985,0.809005775552665,0.541668664701625,1.37635929659442,0.591217186957326,2.03688043924409,0.957000677974136,741.149293331392,1593.83131380367,1649.13299931823,4913.48641834736,17356.5592013143,0.917113509747951,0.828336193810972,0.553127787879034,1.37563361330905,0.603320666471131,1.71021832788554,0.956747180097332,748.513993274564,1817.16454673462,1820.87571556736,5036.94356625703,19080.178939768,0.924222208510608,0.823272789145083,0.576629522223972,1.38630041033797,0.624251712880343,1.89768793087744,0.960609045242292,913.025701110576,1891.70928840976,1893.92319037869,5415.67958127115,20068.1967396163,0.912679995128732,0.823980753432458,0.570747097461817,1.36898868935606,0.625121812973615,1.72831248157814,0.954326107802073,1263.76453618173,2344.20819362199,2351.10532480391,6154.308333732,19276.8744113953,0.876525822147106,0.7825333920415249,0.515398755606638,1.31475726975381,0.588388931443969,1.94554099201193,0.934136900022171,2059.4670439196,2981.6348702981,3156.68756757996,7601.60485361828,19570.9534712922,0.803957872233194,0.726258010286208,0.419699727788819,1.20590950929772,0.524900951553166,1.87798752077452,0.890827582223988,2841.75685438526,3128.15344222817,3453.70771691892,6948.49033694495,12125.9205489902,0.603876336519681,0.569665210566769,0.249473176699787,0.905786561707589,0.418488001437291,1.71717454883169,0.751966079973911
G42,Cultivars,61.0036960058047,6397.70587686858,797.79583124766,1511.12740239139,1555.30279157664,4316.47451420985,11672.3414414863,0.871008710472053,0.747101026701003,0.430278410384428,1.30645831313263,0.504024790112639,2.27499266988553,0.93059623948637,776.113278791077,1543.62875378477,1578.91731584052,4485.87434002614,14682.1378296844,0.898499306513751,0.788955243817977,0.500759632624038,1.34770525388046,0.568224957942261,1.90438977478987,0.946446809018143,493.331315925275,1104.63811523435,1121.15562821743,3198.41065335525,12317.2573481552,0.926490192163012,0.8227046863551,0.565294460532278,1.38968229729606,0.620948622510296,1.75991840830323,0.961727500957143,618.581538133305,1282.75461832204,1321.99635632557,3893.212807201,15676.3479829864,0.921619902479228,0.837860847229303,0.581586266621822,1.38238599845155,0.632902306636649,1.63616437857922,0.95914907294269,614.234644934464,1157.77983674731,1216.50955155137,3942.87678221207,15967.2695941683,0.920861828506568,0.854836844618973,0.584223221191648,1.38124918437326,0.636639251006437,1.44335465067513,0.958746857274045,630.348914272858,1405.14811153304,1418.61757049863,4116.59231861727,17485.6386748969,0.926523103206527,0.841240827614705,0.599896132330892,1.38974400623563,0.647997025076201,1.65451536516908,0.961829975269311,785.156534618717,1560.95678169437,1575.97192239076,4682.43685393473,18401.2798153399,0.915387411243481,0.836868348987207,0.580526581085041,1.37304423063944,0.635546415115073,1.57631904187249,0.95577438668606,1161.40477139808,2107.31922332907,2131.75961997157,5709.21483113181,18976.2421467357,0.88256026371234,0.7979616974637,0.53268953491624,1.32380652887692,0.603156386639512,1.73638352555271,0.937459121312849,1625.35470653593,2482.86534777047,2576.80665757788,6786.62690984596,19734.7414675034,0.8457081722349,0.774898276966304,0.484305320833621,1.26853273539719,0.572101666667766,1.63775071920066,0.915972729166356,2330.2127103315,2732.36231325405,3013.75947538224,6437.90685819127,12979.4376582811,0.68458070251334,0.64667239186625,0.33013902783043,1.02683752942191,0.478894381428053,1.54406755548008,0.812299594801717
G43,Cultivars,62.2320395791429,5432.70038637609,818.045793228268,2057.96184462544,2060.75409705925,5427.57045613514,12649.4936212521,0.872276010378397,0.727756545196149,0.412855668978974,1.30836421417648,0.468505264804601,3.94325473223396,0.931292859562215,871.285402681688,2345.67819725772,2346.14650941036,6179.47421473755,16305.0204125836,0.897758008478579,0.757488918585276,0.462273403606831,1.34659729147119,0.511232427715416,3.40817158798816,0.946056112596963,495.064564756554,1574.87979780491,1577.35840661722,4252.93828228937,13345.9576562457,0.926991292466374,0.79108287610829,0.520570769791654,1.39043527268802,0.558022460648034,2.81377719236145,0.96198872476399,778.881019473602,2070.41660717342,2073.67394320753,5658.15325415922,17794.4339060415,0.915485762147876,0.791508559774872,0.522226142444018,1.3731924581805,0.572440729517778,2.35965048952551,0.955858141188722,827.828457138803,1832.68053371033,1854.48249036837,5487.65022938124,18270.7884070973,0.913533717120446,0.817679021671646,0.538372541144768,1.37026716789362,0.590277191646998,1.82257160181808,0.95479793012284,800.581030572502,1863.20345839206,1864.65459886348,4899.84852724771,18311.9426889103,0.918067004614722,0.814026131591488,0.574533277977772,1.37706883205235,0.624943056990427,1.9480179938023,0.957275799166464,934.285480637917,1931.91353993818,1937.33655970263,5223.18967636465,18916.3432666595,0.907331687598148,0.814015112156969,0.56531318081876,1.36096384008273,0.622648954482299,1.79648249177629,0.95138936305027,1268.65759607877,2329.31443496852,2357.09415402714,5852.57576654587,18354.8219442624,0.872802452332975,0.776124740048488,0.52087407780434,1.30917096023047,0.594711730378187,1.99107524207601,0.932039738769051,1504.11669135314,2469.38441612668,2574.62472258239,6514.50442613634,19170.5173725626,0.854586040575368,0.772212230635368,0.490824068256581,1.28184419323393,0.575869383077563,1.75026515509807,0.922258079064653,2130.25082500637,2663.21214587231,2956.02650762243,6171.12884316758,12589.5951714149,0.707878583851323,0.650716760753833,0.343409568024138,1.06178139601724,0.480735236957795,1.77146717109388,0.827838854526794
G44,Cultivars,58.137561001349,6241.0039596047,853.443837195181,2002.27261828551,2020.56151051232,5129.08189772761,11705.6444101308,0.862236437834256,0.711941177814641,0.394490318247723,1.29329167086075,0.45786230235302,3.53166464011484,0.925665014417269,878.411041382784,2054.17024875101,2072.37684514177,5415.22984214458,14750.5633206485,0.890647469937562,0.754089860683542,0.454930577533644,1.3359317918061,0.512397308652327,2.8058578801466,0.942146041726263,494.092280904885,1442.72914988189,1452.10431406511,3985.24041273067,12690.4611787509,0.926738404160858,0.792982588869218,0.517432785358633,1.39005552094336,0.557113340028265,2.56010899960039,0.961833474484588,747.130164737527,1849.4576695097,1866.31413488597,5143.5149890903,16559.4625550047,0.913550133420242,0.796065238461507,0.521361406625362,1.37028180080464,0.572924339998185,2.1647978963978,0.95480838285362,820.819956778829,1688.35622719459,1713.77727953102,5092.07499263501,16992.943706786,0.906581734144651,0.813948287300064,0.531612561539449,1.3598345035249,0.58735473715996,1.75632309875499,0.950990970980409,878.686662438868,1854.50486218028,1861.48221601594,4959.72680031134,17975.6318323777,0.907901570111162,0.808852398618642,0.563230285596792,1.36181826341285,0.620950797792851,1.87296197582005,0.951728879796731,1014.89912396696,1939.16688403772,1957.80286184475,5344.90016175486,18638.1517861621,0.898053012287148,0.811521755975256,0.553670564455078,1.34704280734965,0.615879092429578,1.71670669653575,0.946251374303853,1465.95690651344,2438.74043983971,2463.55143401448,6023.2493096412,17738.4445719505,0.847011163182819,0.757291649856988,0.49021742417516,1.27047796265844,0.579534911768944,1.8968547990911,0.917087095795035,1892.11193598723,2845.40393075984,3007.57550014488,7269.97287939585,19547.447893434,0.820578403186037,0.748467977836393,0.456821796014067,1.23084002068858,0.556960546521925,1.77261578842231,0.9018464822611,2908.48910315999,3322.0103217257,3548.01195782688,7306.04698208087,13000.1840943111,0.643402462307198,0.6074380045709,0.295872376412936,0.965074627519845,0.455446433723953,1.61029980558545,0.781857227721629
G45,Cultivars,58.5470088591284,5646.34027357764,808.513981873896,1769.28903645294,1783.40619471047,4783.33832512961,11736.840083181,0.869304524932141,0.731765164594537,0.41397402970222,1.30390226079189,0.476410016984951,2.97230270131416,0.929668995583938,795.84235248164,1928.91795092595,1936.71127557877,5404.31530394513,15300.7018662624,0.899076294986028,0.768891276664366,0.471054177340818,1.34857290193948,0.523615163181445,2.67793555801063,0.946760541784445,500.044821979786,1443.1630396832,1447.77744095634,4054.56106164581,13096.7936600251,0.926129093579312,0.798804686774532,0.524272512401953,1.38914040444145,0.569914860130193,2.24674886046982,0.961532769915317,665.85233003578,1661.96362524459,1675.94676387909,4867.15855499782,16769.7035875512,0.921297774096838,0.814468386753734,0.542635172113693,1.38190378326123,0.588444368468787,1.98506864162877,0.958997941083445,695.25560411279,1535.63900540735,1558.19051762934,4914.91329696159,17328.3093321792,0.92020148224533,0.832417636483963,0.5506077059031,1.38026232158568,0.598008960383363,1.69526246722848,0.958414511757176,680.302164287104,1676.50188116374,1679.38744056684,4727.47167813677,18062.1156881551,0.926823551408822,0.824675381968503,0.57535662142138,1.39019713841489,0.621037944429506,1.8967162390508,0.962001513796718,830.797903959082,1800.52438637411,1803.16856743839,5220.71262635723,18965.6867741265,0.916016257878412,0.82502736978473,0.566177590573526,1.37398976384279,0.61772770714803,1.76237970464082,0.956128395520338,1212.8032146851,2320.74449740624,2329.11223063945,6119.89554354795,18712.0866810785,0.878315202267053,0.780248123735479,0.510181112983012,1.3174388541749,0.580310735051868,2.0323050770747,0.935174599784364,1725.3987093779,2725.28413171485,2797.850902275,7142.51239969092,19447.8844512816,0.83562102654009,0.752852492444922,0.458379675750124,1.25340086219281,0.549567909335561,1.8840370704403,0.910738317194311,2714.41629088055,3145.2932273057,3509.83095762821,7009.99749040875,12696.0925689549,0.648112387785115,0.603880970628881,0.290809795649492,0.972134680440915,0.447211210344265,1.71371947902679,0.785293443250128
G46,Cultivars,51.5863952768786,5848.66116675543,816.185573948909,1751.44591058651,1766.81400307855,4703.68171375789,11484.9637047475,0.867490742412912,0.728208896056383,0.409426818723893,1.30117844496171,0.474324800945425,3.02386709502917,0.928746254672672,798.327973450259,1875.56535444679,1881.44565581017,5233.0089729252,14789.0840684303,0.897826637252608,0.769442586219942,0.469231040386772,1.34670018545881,0.52179813383973,2.64340209728022,0.946110827967429,492.275424273746,1389.04363368018,1393.54196426953,3970.73282654248,12971.1502023237,0.926872062131908,0.802424019803713,0.527160979831548,1.39025616768439,0.567727789244659,2.29541142513023,0.961923357677975,721.292130354734,1801.99770492285,1812.65742932996,5092.0758320226,16499.1535589555,0.915195561483511,0.799862982877572,0.522506228353952,1.37275246290016,0.572365859556647,2.17797963176281,0.955715388052633,790.60728088663,1688.0491393697,1704.00765154957,5139.77804983068,16960.9601650347,0.91008807608633,0.814882629915518,0.526977583459578,1.36509844303578,0.579440977509923,1.81613333389842,0.952941670049074,786.248581519553,1857.89943631171,1858.30983316839,5007.91167481805,18064.3273147366,0.916526221507791,0.811503050105355,0.559414617464374,1.37475551762201,0.610528603764722,2.00102870953728,0.956443245221205,928.943774025396,1914.91998990817,1923.48562570518,5340.09517473699,18539.5123107242,0.905099278741495,0.8139669931801,0.552274349525213,1.35761445728824,0.610309673253096,1.80189055142345,0.95017012838036,1267.00797102424,2328.92932402289,2339.21761071073,6090.67056195105,17664.2598287381,0.864817395188745,0.76612713753997,0.48467327738861,1.29719112814117,0.561808838297781,2.09560600106163,0.927488219896484,2225.89683713342,2997.35793611461,3279.22242777413,7507.74630761954,18535.1755807504,0.767344369592761,0.704775446573036,0.395433053473521,1.15099039964297,0.51596242961721,1.72910851054075,0.867967824798934,3739.96897736927,3890.38135561835,4204.26107787276,7582.08812262622,12100.7347680683,0.526216460225056,0.507495217397253,0.234291112921623,0.789302206680756,0.435494894733545,1.65206473596581,0.684705374949107
G47,Cultivars,62.2320395791429,4621.21181482911,786.449933757153,1794.06579565331,1802.29338870119,4949.3126800579,12407.8265134155,0.876906509251177,0.744282864579998,0.429454586169534,1.31531319447522,0.488648987179126,3.30485637625609,0.933947193730641,756.705297086908,1821.58546615739,1828.30074061774,5161.27187239531,15789.6833026613,0.905956047097444,0.786862894761789,0.49803030198343,1.35888932423692,0.551377389736524,2.38153050811223,0.95051505461173,495.073554685887,1271.02007821617,1269.87320864863,3586.68371013277,13063.0035961363,0.926824967053017,0.816229830290307,0.558462589931041,1.39018501650971,0.608724704378311,1.91594891529544,0.961914826071404,668.543842335795,1524.36094122679,1528.97883857218,4519.1687449811,17209.1345277948,0.923302196751187,0.832357901781022,0.575384181763273,1.3849085187507,0.624524339319792,1.71727393783902,0.960116817470002,660.364280944669,1401.1667665152,1414.34030537664,4586.16597235928,17815.7971548158,0.928112683184842,0.851844012650744,0.582545608830752,1.39212742141931,0.629472101807484,1.54718291177848,0.962737610765343,637.345897007648,1535.83921559286,1547.6278062988,4341.79107898768,18363.5350914714,0.935896642433633,0.845230636111877,0.608571405527551,1.40381202081034,0.649954620255575,1.70332858084467,0.966922820863244,790.11151521828,1727.9909416936,1738.25523830003,5030.17682240937,19487.0269105679,0.923644960618236,0.838537239894085,0.587156854469219,1.38543182060089,0.635892290889874,1.65914201328295,0.96033739415154,1060.65986193417,2009.86848330481,2040.96455082243,5555.74111636982,18984.0728343536,0.895074344224595,0.810625523347756,0.551117954390442,1.34258121678367,0.616046593433182,1.69361152701694,0.944825347768127,1463.15722104134,2313.43495145164,2360.90868591379,6461.68428366418,19500.603189506,0.861677043981259,0.789199837737477,0.49992650002486,1.29248340034906,0.582567320087936,1.6461259935207,0.926723163323323,2531.69324682569,2941.38888759031,3142.98738135549,6716.35641137225,12777.1523925648,0.678049278453248,0.633990146449225,0.321511680534712,1.0170412671039,0.469839317460759,1.6020379352288,0.805941461488305
G48,Cultivars,49.948603845761,6494.28482587644,770.734206157257,1601.39190207539,1609.64653988149,4528.29530873611,12653.715629471,0.879202255537384,0.761907976250209,0.45417062907909,1.31875749382931,0.524766149246694,2.56601654234551,0.935026211665596,760.567973935206,1770.9646565,1779.95618990624,5103.10855544001,16036.1852522509,0.904771706198477,0.794787275639875,0.508674019661817,1.35711578352584,0.565719151689298,2.12733641609761,0.94979288797565,496.035496221433,1357.86468295254,1360.54725922098,3832.38914810001,13307.8956640012,0.926739706600059,0.814441765969803,0.552801967901613,1.39005747199748,0.602213608338871,2.02417380703162,0.961856863013446,707.763551061445,1684.37537597055,1696.97454145958,4764.55327236211,17031.5347456305,0.918379050721017,0.818624438738895,0.559803942413219,1.3775279308485,0.610865335405147,1.89333117491198,0.957434088465361,737.007000683185,1499.95945011663,1536.7133468265,4605.53248831702,17236.6862790627,0.916992743499257,0.835544658630923,0.569590770485263,1.37544820197161,0.622983625925136,1.60831349596799,0.956692196527537,771.490607361705,1753.72844265364,1757.85104299613,4718.19760296524,18577.4002300508,0.920542589374149,0.825524517948116,0.587963377312878,1.38077824244303,0.638954155622464,1.80775214250478,0.958630415249807,901.078576369426,1806.94877735118,1816.19257987525,5098.98003372611,19153.765568792,0.909765134334247,0.825474945956024,0.574352353679438,1.36461475159249,0.63132243561276,1.68353593429529,0.952735106509452,1333.41810211438,2340.93080193687,2380.30673746034,6136.13962579276,18468.2691836264,0.863427773977828,0.773002064239776,0.497796307574271,1.2951097169316,0.577422618743901,1.93367805315955,0.92662680902851,2814.93262632426,3276.21247137513,3650.33317699167,8092.51102160037,19229.024277145,0.729321199980333,0.695732600291277,0.385303684727339,1.09395581728763,0.523797580619978,1.41577800197256,0.84155888809284,3451.69207328857,3638.21556737433,3844.99338857106,7328.67258928465,12384.3337278319,0.559505080588815,0.5387513637714,0.249408793731656,0.839233280701059,0.442294242103763,1.58627803046158,0.717119477506799
G49,Cultivars,66.3265181569369,3385.62846719741,762.950081969168,1399.93474513097,1420.17993085785,4104.80432685863,11985.3540359655,0.878300686118096,0.763871715849383,0.452409496961722,1.3174052777217,0.524495099111654,2.3475913477253,0.934515974627747,722.059618947762,1567.96899995533,1579.35804935637,4622.24833399905,15376.5714469049,0.905871237908822,0.800810685055775,0.515769618599498,1.3587631887339,0.574653228423761,1.98560487101513,0.950367923006394,487.129502954429,1181.10069763115,1185.32228188586,3439.33974313087,12842.999113091,0.92753885891031,0.825453036889397,0.566598707183627,1.39125661499116,0.614949602021978,1.8649158605056,0.962289633529425,633.080873044707,1508.61982914953,1523.58857000568,4489.53105411041,17161.7187684236,0.926237756142881,0.837169876384109,0.580273282644887,1.38931692612948,0.625081262421763,1.73638761119474,0.961643123735254,630.779906801106,1386.44865287355,1411.14146214275,4636.06311902705,18119.217823348,0.931189032935723,0.85603588997838,0.588694688768292,1.39674209489494,0.633103814693401,1.54402047725149,0.964322711916442,548.999001581054,1342.77281186813,1348.40216347296,4039.1739441478,18114.9027659471,0.939756438200146,0.859361573863984,0.625850535070972,1.40959504618365,0.665685758758,1.58782614315218,0.968907809346446,693.687366308991,1491.32467475421,1494.10670503506,4590.83751294032,18947.230339998,0.927559702307045,0.852228987458589,0.602578066155568,1.39130103187618,0.650321683670693,1.54154027952338,0.962381105672885,1044.09474033711,1954.31408818029,1961.79541609521,5486.55570792512,19450.2778879456,0.897418771533772,0.817701208851158,0.559816858334691,1.34609688351687,0.623382076852865,1.63425175485694,0.945923693602856,1277.80588472858,2114.08218202175,2137.41960759368,6121.56153897428,19598.6519472728,0.882394259875261,0.814157142726394,0.535879972080912,1.32355839697839,0.608159327029401,1.54071757614258,0.93829166912259,1663.43757820692,2306.42880362636,2443.76883853076,5755.02924473479,12767.3726566342,0.778526781275671,0.707696561293576,0.395089307703743,1.16775034418204,0.502386861983665,1.77387811871404,0.875625888123532
G5,Cultivars,57.7281131435696,5725.47523179564,797.052002186182,1822.86506358431,1833.3725367168,4840.94190229391,12036.7398474824,0.874041693682788,0.737574570761428,0.424186521218074,1.3110115726339,0.484069992772401,3.23038089757878,0.932394710206867,784.616539876254,1987.26239883266,1990.76532385088,5448.86907361887,15763.3244630603,0.904124710755785,0.774541774069662,0.482622952179805,1.35614751583938,0.532063779377632,2.87939038161667,0.94953762012865,499.477420070813,1606.3628670332,1604.0115711828,4370.37004184137,13701.6721301126,0.926825502304132,0.791745673638266,0.520257489586406,1.39018614941675,0.559015869500291,2.7888050504904,0.961915610972519,677.062949768698,1888.21550176564,1874.13175178569,5299.35258067503,17367.7562870759,0.922777822741984,0.799751252050377,0.527118516366282,1.38413067293309,0.56913044973818,2.47779022089616,0.95983564000166,784.563648169932,1844.80118455116,1852.81232388652,5449.10730460947,17663.4208683949,0.914340474168599,0.809251067102342,0.525830278004341,1.37147779612318,0.573249130942588,2.01872905654146,0.955257495803349,826.120056668257,2111.007369986,2121.4061173248,5577.86413392246,19062.418678432,0.921185191956343,0.800086478645842,0.543572582736048,1.38174695712049,0.590272356759673,2.33805260685256,0.959012696483276,968.713852659238,2196.76423110284,2206.08600428521,6031.03035251928,20085.7138521077,0.910518646477935,0.803956997826656,0.541351511227807,1.36574560349503,0.593993425984966,2.07599325979261,0.95318870601976,1248.92434990575,2503.97344463484,2511.04654945183,6452.745326487,18955.6570309552,0.877385078617347,0.768703492817479,0.493223464647091,1.31604488132526,0.562523577620173,2.28706877921542,0.934836039785669,2030.3563865812,3072.24921505046,3181.58916176092,7893.72910358402,19819.7918537923,0.80921268185068,0.721252616878723,0.415818911931503,1.21378904697933,0.515952939175098,2.1603364742145,0.894639303852849,2721.92187763257,3172.48047260108,3450.45468705531,7060.94468077786,12696.6276137286,0.636191198217856,0.593386629834456,0.275151088913729,0.954257300633526,0.43563411235332,1.80627150789969,0.776300609329581
G6,Cultivars,64.6887267258193,3411.20645369264,831.695411621285,2024.0810675924,2037.04779463622,5283.05089024758,12228.0100802412,0.86794691783026,0.724164592543449,0.409775879020054,1.3018653174116,0.47186446561698,3.28698465338392,0.928866996294194,875.362182832442,2341.32137338671,2324.23499845996,6164.98991809945,15922.7787269839,0.895077622147985,0.753052120720843,0.455470033951639,1.34257727953225,0.505765875808097,3.35458525471369,0.944610850258036,499.696239906499,1658.35093863677,1630.66928847977,4463.66750205441,13530.8328960797,0.926320101532615,0.783389669492142,0.510616689485028,1.3894267649185,0.550471957455068,2.90571369276547,0.961632935141585,790.035787826298,2169.12348313399,2068.92516295047,5904.19202363391,17897.6730815041,0.912510581907456,0.785410385452566,0.51039511136238,1.36873152679389,0.5592987626328,2.51364737295682,0.954249250138405,833.622961888649,2006.73791665628,1968.9101748294,5961.58843071046,18536.631926199,0.911522864269633,0.805094322456863,0.516269239124379,1.36725002915356,0.564915156855453,2.06590386590193,0.953723185277001,854.650258431283,2246.36601347653,2245.12904837907,5942.7788679561,19563.4252453717,0.917443222187766,0.79369700770873,0.534252060031972,1.37612672435175,0.583294233430139,2.45197793067275,0.956958412938715,962.522483209352,2246.08697376131,2247.01861453263,6279.95537573823,20650.5286031863,0.911710747903033,0.8038382647919,0.538622149138342,1.36753475703041,0.5904335338547,2.09778981884306,0.953804327414639,1327.70269916544,2686.57332467757,2686.29630988977,6853.20059154947,20219.5924646556,0.875364015959092,0.764141985529733,0.49336962921763,1.31301313634694,0.564584979287229,2.37231233879572,0.933527303390539,1910.58385283334,3051.68237838528,3093.42204620449,7869.64844129172,20602.6055676323,0.83075268292183,0.738664568802745,0.442537035271574,1.24610320113855,0.534812652853563,2.11814281933668,0.9069561914316,2450.85406559699,3155.34068752356,3383.62196552116,7178.21584988202,13996.7861594072,0.700869787783262,0.630866100219267,0.322146375499474,1.05127166953735,0.459657269321769,2.19695035111588,0.82318912334679
G7,Cultivars,58.5470088591284,4765.56573861254,797.224404215434,1885.99072713183,1900.09547233572,5074.8594842132,12761.7865880033,0.875557457620745,0.742395656976384,0.431489384755608,1.31328853211881,0.49561744223367,3.16687603253624,0.933095666604776,810.739432049037,2080.16814306315,2089.5385454099,5669.79506310883,16284.5244334527,0.901716855378314,0.774949191523089,0.484645657943847,1.35253516671447,0.538536152918142,2.67057567655709,0.948180852016031,497.996275244199,1442.85747205672,1457.27334923824,3911.51309767209,13324.600826129,0.926604443078939,0.804995219296636,0.543907353326308,1.38985423261723,0.592502228954107,2.14385109727015,0.96178759407779,690.768733365577,1752.26904162144,1791.30064828197,4871.97216993559,17440.9889086097,0.921716535453963,0.817557110868642,0.562332698231161,1.38252870347877,0.61037549434158,1.94965751916141,0.959236050532992,727.59868716848,1597.96818877921,1661.79053720222,4879.25095275396,17917.9585059928,0.920750012844649,0.833072675179658,0.566097395894843,1.38108554079646,0.616757715565007,1.67881970564378,0.958730870519505,715.018815894815,1732.08803256581,1749.39135540267,4716.58471952814,18327.6256971147,0.923744850281233,0.8242220534005,0.585647014343336,1.38558225939452,0.634072586602114,1.85061317894688,0.960370764171825,869.456857414173,1813.37316805596,1833.97138894252,5079.43710399887,19135.7347721892,0.911960030046236,0.82529609140003,0.577122739552965,1.36790397977269,0.632582418190689,1.69674914190633,0.953950258248496,1165.29171283086,2203.16078803392,2223.10842464831,5814.19036912366,19276.5057297602,0.885811190554845,0.79415422373271,0.537103281788375,1.32868430618234,0.605719893134507,1.84082905823206,0.939355717200951,1663.10896641637,2574.88248566972,2741.64816156444,6759.61550329276,19581.4842989762,0.839688626498721,0.765257498675561,0.485664650091068,1.2595048974491,0.578273773341758,1.69256816276449,0.912540156793751,2130.65050856019,2622.825295977,2955.51923375334,6088.87228853527,12467.5242763021,0.700599872719024,0.651818049866621,0.344537639833659,1.05085724774682,0.487469448478538,1.63826214308581,0.823296227634266
G8,Cultivars,71.649340308069,2498.43493562144,809.216949193965,1816.17252054043,1819.66426466228,4939.76669320814,12218.3465868936,0.871027184265971,0.738693268919308,0.423091804277958,1.30648833184986,0.487374809793519,3.08820161198961,0.930634949667786,795.438515182953,1934.24337205766,1940.65523649618,5408.24609292932,15520.5668288765,0.900161941449512,0.776214617852166,0.482003164663283,1.35020227263459,0.535238810280143,2.56703179631957,0.947339949731038,496.0332295002,1440.80228555806,1443.41466856711,4034.92558460717,13294.9284731485,0.926789514659265,0.803833898060187,0.533376993472809,1.39013164795985,0.575209785693738,2.32578465957667,0.961883775506949,688.715470215851,1758.58428201941,1762.26105982806,5021.13450346085,17223.746055747,0.922060372521593,0.817119184028826,0.551597369587574,1.38304948821593,0.598053905043476,1.9770607836729,0.959401391702973,682.354841103019,1523.44733368976,1534.05839315528,4838.26176235147,17887.7681399532,0.924181017510693,0.842757160576465,0.572600801498304,1.38623316999016,0.620312831753153,1.62178033490279,0.960528755039848,535.878019092679,1345.74306423312,1353.47797602904,4039.98038416363,17487.7111066153,0.937686779335894,0.854918672021358,0.621480598915957,1.40648921638872,0.6625356093704,1.60786018626163,0.967754641305432,697.635239675337,1425.42285958721,1435.395287853,4427.79718891293,18091.9501280519,0.9233107000417,0.850990033433016,0.599665394520606,1.38492941100776,0.649629281524846,1.51850834408286,0.96004235578147,1044.68453908306,1998.76136110284,2020.27535995718,5655.01178613747,19279.1648843127,0.896608303388651,0.810412652619542,0.544425608881573,1.34488024509983,0.605892014196652,1.75056652126636,0.945244893849294,1357.454432335,2207.76715357335,2269.89948305863,6360.1120674256,19720.2702021226,0.874878649987184,0.80126975564679,0.518198323131675,1.31228853187577,0.592162619710513,1.58134339187282,0.93293683034181,1705.70541141017,2313.91514653378,2474.79739098373,5747.2482192966,12823.5540914155,0.763370618109961,0.693895442369029,0.381075441215101,1.14501531619071,0.494827647791869,1.80963759463531,0.864153765924989
G9,Cultivars,56.9092174280108,3692.22130532128,802.163080782994,1724.93605568516,1736.38852859963,4703.19015213261,11899.2171868767,0.870684132452089,0.735817304690213,0.420223947611736,1.30597255833587,0.485186782095751,2.98891719406673,0.930409736445294,808.9999291513,2041.02668640031,2049.78573106729,5577.67844885421,15595.3150537917,0.89985944532995,0.768790072832855,0.474041948255541,1.34974954004561,0.525088587294768,2.89457190416429,0.947180048581017,499.812420759757,1572.41978894399,1574.83558848104,4249.41327449454,13057.0314299139,0.926057207388548,0.784506982392252,0.505922919961847,1.38903252874373,0.545436030806799,2.89181133162712,0.961494362458128,739.404224488601,2016.38214095059,2021.59015413401,5424.50265186024,16847.7911767532,0.91517744359987,0.783619354295533,0.50785345401062,1.37272713214035,0.555561692290399,2.59718057744438,0.955709599818448,723.617301277693,1731.58562544202,1756.66507408434,5144.97581705284,16878.425884919,0.915487113743516,0.808352478837388,0.5201806241916,1.37319059008069,0.569278837132379,2.02087025451268,0.955878492591405,749.86573213409,1980.10410504297,1987.5315611584,5287.74683879882,17989.0077241021,0.919150221388894,0.802309544939776,0.549696101639382,1.37868684534514,0.598578787768002,2.2562067831022,0.957855691821636,911.999699286388,2081.7469118911,2089.69682044794,5690.83443850659,18868.1732928998,0.907806305435255,0.805486208188384,0.544038456436641,1.36167407668143,0.59997572585974,1.99107116463946,0.951653575775842,1341.65649559711,2514.77199892888,2528.40417685132,6385.06958829097,18528.5648354528,0.863432575670866,0.758954423904993,0.485612145253421,1.29511503319324,0.563943056545163,2.23667310055589,0.92668428380205,2088.12120934445,3125.09393607627,3328.06331188709,7776.10797324378,19297.0882744135,0.795383432734415,0.717767497544826,0.418642088808606,1.19304722164107,0.528888089970644,1.94039389784173,0.886046458857148,2573.76514416782,3059.79131094195,3475.55683619456,6801.76242868192,12516.6109617057,0.650562943887578,0.603952749813189,0.291973113849098,0.975813179658734,0.450773385111793,1.72389897583942,0.788080506683508
G100,Populations,59.0064275372767,3153.194896724,640.571428571429,1689.3700044461,1724.21142921867,4624.48800876417,13218.7826675953,0.907527577766402,0.767864204339286,0.469804354526786,1.36124149065088,0.519239003625,2.7848937728971,0.951416502758856,707.513392857143,1889.74799604669,1907.49330397685,5252.35808114254,16783.550190032,0.918314641491071,0.791220431133929,0.5095655513434,1.37743239654464,0.555841520591774,2.37051754018547,0.957347813160714,559.65178565927,1523.41597929422,1538.03604793465,4219.14673571423,13989.2092983298,0.923372310051386,0.802138830053571,0.531710473071429,1.38501073735714,0.576647343142857,2.28966617227311,0.960053704017857,664.927612014071,1734.36000646408,1748.30431216853,4852.42756556742,16270.2466801259,0.920408835458355,0.805356707167545,0.537667711017391,1.38057145078083,0.584768092367031,2.14195505507322,0.958503317188555,681.75138439644,1557.01709611149,1571.25681039073,4816.31111396615,16621.4597074462,0.920155420840811,0.827848151825147,0.549852763573674,1.38019178793345,0.597853158613127,1.75593374895354,0.958392083590035,633.227366749608,1567.97578176474,1572.94389529688,4346.70270569823,16309.6838844581,0.923739093946559,0.82211756389078,0.576389407193468,1.38556652041932,0.624185775493505,1.89855575756716,0.960317279420781,748.781399596946,1640.80554124252,1646.36769258267,4772.96196044703,16982.7589993442,0.913704636764803,0.821794374219777,0.558724191081254,1.3705154878971,0.611711412880102,1.77996019030563,0.954891310202916,1106.28791538838,2063.84010471906,2079.03896765203,5583.87261224464,16499.5466910155,0.871985495171248,0.774876346964775,0.488316088592327,1.30794326896278,0.560997607253987,2.02668355043418,0.93153702622637,1679.03287405157,2357.28835922238,2531.30363432666,6333.94195124217,15805.4403654708,0.803550413723143,0.737473678467633,0.421661482397877,1.20528719505528,0.527068103273162,1.68084151860045,0.890615173114076,2369.77132158836,2646.26785281913,3037.32600465594,5932.82267025028,11046.7100833256,0.644083035384328,0.610936911441623,0.300012349241418,0.966084763045672,0.466041539544564,1.50214981152164,0.782707791034853
G101,Populations,58.2126923217276,3550.77029498482,640.571428571429,1703.87359110946,1730.04196833025,4707.59238163474,13555.4804699281,0.907701809141564,0.767864204339286,0.469804354526786,1.36150402632997,0.519239003625,2.83389688459302,0.951502544115928,707.513392857143,1937.25369171209,1940.57580611571,5480.65510106215,17166.5250643404,0.918314641491071,0.791220431133929,0.509565551341881,1.37743239654464,0.55584152058996,2.44382727039107,0.957347813160714,559.651785817262,1554.03986839514,1553.15157567096,4387.84962771767,14422.026258416,0.923372310033441,0.802138830053571,0.531710473071429,1.38501073735714,0.576647343142857,2.26466185990789,0.960053704017857,656.979978288343,1716.69238242183,1729.94095802523,4827.82908892685,16329.7454659423,0.921430562569243,0.805876846897641,0.538115563220848,1.38210357304561,0.585093230156395,2.14070440173532,0.95901350700334,668.523568184723,1521.5614519876,1540.09661902992,4752.86415144169,16802.1278208343,0.921895848048237,0.830680713771929,0.553480013789327,1.3828059271467,0.601021221883442,1.73068463388134,0.959281260087506,621.702256871446,1541.93668948349,1551.08685819123,4294.40539809007,16436.4680737899,0.925707025946283,0.825053062352125,0.58038140105555,1.38851983805443,0.627420765573861,1.87735200014993,0.961316787132491,724.385231972547,1611.1003139545,1621.37893795416,4698.1611816542,17077.5391122571,0.917356271365941,0.825055966433127,0.564534263954131,1.37599569712557,0.615875395977367,1.77247869886679,0.956794942720468,1053.42736991697,1992.96284218853,2020.64277462526,5461.57243627675,16633.6229905707,0.879623941904085,0.784353435479629,0.50204795086239,1.31939813842183,0.571068316176733,1.96439997465385,0.935771699549795,1535.69068649898,2184.71492719988,2409.29798683461,6043.06352218183,15706.4837176466,0.81889620417742,0.756346881238246,0.445240327204742,1.22830216010429,0.543622245284815,1.61827777965914,0.899769773270823,2166.61065919081,2420.20725585514,2819.68346749676,5539.6809238934,10793.7311487484,0.661785028996667,0.632041754829979,0.318049000767753,0.992638258171837,0.480301475245065,1.4611459523083,0.795291900711224
G102,Populations,61.2216770363812,3170.26895265866,640.571428571429,1748.42691950275,1750.76487666931,4844.78706997894,13597.1735009974,0.907657718966859,0.767864204339286,0.469804354526786,1.36143761738179,0.519239003625,2.96459600883614,0.951480898013765,707.513392857143,1942.49697996239,1945.80910242803,5452.30538516471,17126.9834035878,0.918314641491071,0.791220431133929,0.509565551343173,1.37743239654464,0.555841520591035,2.43288776472874,0.957347813160714,559.651785750927,1533.32282968555,1541.98447342759,4295.35353846974,14448.9113322986,0.923372310041719,0.802138830053571,0.531710473071429,1.38501073735714,0.576647343142857,2.22673897894254,0.960053704017857,661.078265835488,1731.85132315128,1744.59473798663,4819.86479357138,16496.6186005823,0.921052883365998,0.805783199081885,0.538522179451518,1.38153641647032,0.58620090401602,2.12604998018272,0.95882484945932,678.219739127612,1558.80486495437,1572.99031543492,4776.40475410657,16965.4029742119,0.920839063266431,0.829115888384189,0.553387290697702,1.38121879196077,0.602251256752301,1.73291358401068,0.958742823318942,632.946712056942,1556.82487706305,1563.50428692297,4276.94746776494,16509.4317680215,0.924154303029615,0.823945179444215,0.581575348302747,1.38619081230671,0.630578843643546,1.86450337532851,0.960526562829072,739.334097282272,1633.16617544505,1638.9687482312,4688.03081200283,17331.7475432408,0.915774339111165,0.824124681881328,0.566788552176983,1.37362137517174,0.620045280682836,1.7627848457297,0.955964326946953,1062.55414613334,1994.8742035596,2026.01316951917,5433.84500564334,17071.9076823317,0.879866987829255,0.786587804602372,0.510885340451718,1.31976392523164,0.58036266167911,1.9257686931109,0.935905682680597,1518.90028194326,2222.52374523952,2413.79410658019,6082.86132790275,16301.5122381629,0.828603213745667,0.762402107439623,0.462366453430217,1.24287286580585,0.556242651255216,1.6375615602334,0.905466146061141,2193.83759478224,2498.75217035504,2884.71502987321,5656.50110223618,11251.7416231438,0.673045362983581,0.637839493516662,0.333064453214132,1.00952898532716,0.49291526164419,1.49916756358099,0.80249072820088
G103,Populations,61.273726820763,3018.25943360669,640.571428571429,1773.65456174475,1762.39982653079,4973.7258123729,13445.5169944529,0.907576145845992,0.767864204339286,0.469804354526786,1.36131472222023,0.519239003625,3.08023680598174,0.951440393625967,707.513392857143,2032.58909587645,2014.09221177208,5772.02135103032,16990.3172961462,0.918314641491071,0.791220431133929,0.509565551332227,1.37743239654464,0.555841520585398,2.64163182243807,0.957347813160714,559.651785746963,1557.97541448404,1556.75158035206,4361.24530435488,13964.0887765939,0.923372310033179,0.802138830053571,0.531710473071429,1.38501073735714,0.576647343142857,2.39639895682563,0.960053704017857,666.19033299667,1780.00119567741,1780.63713589934,4975.56046492403,16169.9113049162,0.92017146532798,0.804564864688101,0.5366309797259,1.38021450454635,0.582979053217083,2.22879038133605,0.958383362926566,683.313272305861,1585.33356690255,1591.61211211539,4906.58403589361,16545.5175123713,0.919771746074814,0.826181983936272,0.547684861081191,1.37961481677632,0.595922549877395,1.77484018480118,0.958194054700468,639.465468260439,1537.43442478085,1550.15824461661,4216.34388845654,15709.2839932169,0.921405280692434,0.821167525789497,0.57547987448284,1.38206516226574,0.625351804491556,1.87029029482226,0.959114501054814,745.211652440875,1601.92238404986,1616.49446842429,4592.03449449161,16233.4437372236,0.911880219817461,0.820678650088089,0.557994464446166,1.36777957850795,0.612633726617701,1.77063276581307,0.953918618853609,1104.9102740072599,2051.5118613821,2071.31683134236,5512.92864349521,16126.4444662571,0.870890711499818,0.773741875217656,0.490832006206716,1.30629741535909,0.564909168289295,2.03133474461557,0.93088263727983,1468.27933020276,2162.55683966162,2281.92800883464,5945.25729043469,15562.1102896354,0.826278651614876,0.755047522666808,0.446467221442323,1.23938243509468,0.540189843747343,1.72288011959847,0.90416101630627,2058.48511062901,2433.39799538675,2746.98384192166,5531.37975098941,10850.5314486015,0.678988952996542,0.633268611766775,0.324011850524233,1.01844724428389,0.475066514809988,1.61795176068099,0.806963457463237
G104,Populations,55.8845433927206,3368.66392153302,640.571428571429,1685.74835414148,1721.51592368507,4679.95352497947,13676.1080666685,0.907789799024617,0.767864204339286,0.469804354526786,1.36163665808685,0.519239003625,2.72589718647244,0.951545546898871,707.513392857143,1867.10761194876,1890.31696515388,5248.97058082429,16958.1808525937,0.918314641491071,0.791220431133929,0.509565551346938,1.37743239654464,0.555841520592576,2.36051268469123,0.957347813160714,559.651785649345,1518.04699692534,1534.78420173722,4271.42572806356,14425.6003290706,0.923372310059886,0.802138830053571,0.531710473071429,1.38501073735714,0.576647343142857,2.21417512975898,0.960053704017857,652.978622591334,1715.88001367334,1733.81639762035,4808.3308732799,16336.842067799,0.921801783284141,0.805842483213181,0.538260276491016,1.382659781023,0.585233214908467,2.14623373248443,0.959197517974567,664.914017233542,1509.2001341274,1534.86839379006,4707.11283199899,16828.6043935831,0.922123090012716,0.831125965390335,0.554346994039785,1.38314672022085,0.602231588975019,1.70447813122175,0.959396531279383,615.81850629426,1522.36877984057,1536.71214792318,4235.95029881518,16440.9674106335,0.926223268120581,0.826317951243811,0.582545121318528,1.38929420770329,0.630132437584205,1.84471793444865,0.961576377664963,713.40911122863,1577.77955090434,1597.58690156568,4602.01085600449,17038.2549528587,0.918549861898005,0.826991263442847,0.567814832689911,1.377785648392,0.619267623153459,1.73753129771437,0.957406844214051,1050.71143108473,1969.47670220145,2011.05972199436,5390.63756258411,16157.574609908,0.878719092163151,0.783913016165391,0.502136345209242,1.3180419337279,0.572324244170486,1.93853544204744,0.935270018132944,1618.16869039423,2223.42174327197,2464.6596747828,6063.48763249637,15430.3779251087,0.803881941418266,0.744927509843375,0.430714745711175,1.20578179036615,0.536975146615579,1.58863063310495,0.89087809071018,2319.14237804602,2533.43137578302,2927.0621160297,5661.15623815541,10599.2127712171,0.639139961575064,0.613437433486179,0.300168194129914,0.958672766217588,0.470513387502485,1.45617703991283,0.779399039981954
G105,Populations,56.8591456877383,3026.34108562878,640.571428571429,1737.83928262836,1748.08691013082,4783.91304284511,13356.9566569394,0.907619169260874,0.767864204339286,0.469804354526786,1.36137948166109,0.519239003625,2.96070643784424,0.951462142036946,707.513392857143,1934.103965464,1940.28646058959,5362.36827589053,16693.582660327,0.918314641491071,0.791220431133929,0.509565551338215,1.37743239654464,0.555841520588534,2.5161505956641,0.957347813160714,559.651785768827,1549.31545280425,1551.07987590387,4336.00924280415,14106.8345247655,0.923372310030917,0.802138830053571,0.531710473071429,1.38501073735714,0.576647343142857,2.32121307548599,0.960053704017857,660.917609617166,1770.85387721306,1774.09153647012,4926.07364114867,16332.3331696426,0.920919171962174,0.804957656038704,0.537336463761905,1.3813360764999,0.583812357396774,2.22829033877555,0.95875860836726,673.870315214625,1568.2433806481,1577.66462391768,4857.52199553884,16955.9725049384,0.921354796838512,0.828492756613273,0.551097116132358,1.38199270155862,0.598528525678502,1.77843873095404,0.959005843556303,627.57456051306,1572.56342847868,1576.66679090827,4353.70580998268,16473.9428238908,0.924858808909761,0.823060497876185,0.5783479811934,1.3872467106258,0.625538501446696,1.90359072894626,0.960885673253475,732.909542852646,1632.94225763551,1639.95263587586,4725.42075581071,17013.7578764184,0.916183710015888,0.822935079151755,0.562401664459948,1.37423465701715,0.614402380901489,1.79404744090065,0.956183102805411,1072.98718101813,2021.18724322128,2047.24313807137,5479.97460878672,16411.6125665047,0.876321290984787,0.779431672847207,0.497688584873074,1.31444261904599,0.56855647919307,1.99674184300809,0.933924521444404,1643.29558436977,2327.39215995447,2570.59986178444,6229.12485247654,15727.1978117955,0.804086482695888,0.739090815659843,0.427569491302347,1.20609590658464,0.532764742736878,1.67026241379915,0.890775539544683,2468.58464570351,2745.94160231984,3214.39154586824,6032.90340367343,11111.9841316367,0.63056194857808,0.599534599391692,0.292446595141708,0.945811504801523,0.463758548882734,1.51243362351159,0.773299027927696
G50,Populations,55.7225586667883,3256.07939790083,640.571428571429,1694.37706889143,1725.51849136251,4757.92742319267,13449.5705203435,0.907679162634802,0.767864204339286,0.469804354526786,1.36146993476842,0.519239003625,2.86786702743545,0.951491047718867,707.513392857143,1891.71210399321,1907.83978906483,5385.32134150697,16974.7046388854,0.918314641491071,0.791220431133929,0.509565551341676,1.37743239654464,0.555841520589387,2.43937575288851,0.957347813160714,559.651785689843,1534.79070392103,1542.95277188316,4346.9809971968,14337.4667936684,0.923372310055782,0.802138830053571,0.531710473071429,1.38501073735714,0.576647343142857,2.27516829856095,0.960053704017857,664.982818600175,1721.97752590414,1737.67050462218,4807.4819979264,16221.4780742539,0.920419791827318,0.80549748455926,0.537827839708154,1.38058687939899,0.585049344235227,2.1329489574544,0.95850783646981,688.238327776361,1529.74047178978,1552.79552645083,4755.64958618515,16579.9844006166,0.919385786367271,0.829180908470303,0.551305451557695,1.37903556394903,0.600478174006829,1.69669258653319,0.957988511083196,649.378378972635,1550.50884556285,1559.42371455138,4277.48735962976,16115.2474271643,0.921234533865699,0.822578011315275,0.577502407800441,1.38180996273087,0.627182377859511,1.85643479455039,0.959021062263819,765.675848977893,1602.76229658909,1617.76705742729,4646.58703539092,16552.6076094132,0.910445607951598,0.822650476665026,0.559959703397845,1.36562810250044,0.615179601915494,1.73501247853363,0.953153256252577,1158.78806324501,2071.10116007656,2097.76890408942,5569.482927539,16035.5009151237,0.861200116744603,0.770010970667832,0.482506726503573,1.2917614499913,0.560884574478786,1.96528472908877,0.925282562436329,1765.57581262525,2346.51885290876,2715.43573850619,6247.50023039849,15168.1994582216,0.781519779482202,0.724322963273657,0.403655517177965,1.17224365016102,0.519887920056665,1.56754905993,0.877123028456044,2659.86803104678,2925.58107572699,3389.15440398301,6188.41062466337,10636.3028482428,0.590558981441513,0.560640182408388,0.257074994396979,0.885802620093055,0.441161454298794,1.57476579547969,0.742255135335886
G51,Populations,57.0428981301634,2982.04059869568,640.571428571429,1688.36786098561,1723.34263764821,4678.13917186289,13320.4534922766,0.907596182897971,0.767864204339286,0.469804354526786,1.36134489704156,0.519239003625,2.81979548439348,0.951450417848268,707.513392857143,1879.65046386661,1898.30099792181,5234.48547624197,16609.0478788651,0.918314641491071,0.791220431133929,0.509565551341461,1.37743239654464,0.555841520590716,2.39353418028451,0.957347813160714,559.651785653038,1509.28544101693,1530.53100898097,4206.10397280082,14021.7892611166,0.923372310052325,0.802138830053571,0.531710473071429,1.38501073735714,0.576647343142857,2.24200812236062,0.960053704017857,663.430948289982,1721.17466149644,1741.17975750055,4810.28319661194,16128.3822170114,0.920495948853902,0.805426192644629,0.537771985345059,1.38070110914694,0.584890802986764,2.14929961112136,0.958545568890977,683.884137155726,1554.25674350671,1574.67886479163,4798.63439258334,16544.7636640156,0.919920484062284,0.828163919761444,0.550433149410557,1.37983916599124,0.598788441098576,1.74843361045131,0.958267001341934,644.417338096116,1589.65981029614,1591.82003131032,4387.33250626073,16356.4204126356,0.922431190927248,0.821137148484634,0.575832995518261,1.38360392632377,0.624144530085441,1.90217070911526,0.959641257733702,765.551718616426,1679.67024556732,1677.26064013252,4866.78584342717,17181.3467791797,0.912334741762188,0.820569577552782,0.557951837021708,1.36846250224668,0.6115688844401,1.78709913763343,0.954157403231468,1157.37455343989,2150.39328030279,2149.45379128648,5741.08130117972,17050.0043771439,0.868016304432322,0.771110913115303,0.486245725150638,1.30198913816565,0.561185198928101,2.03958369849222,0.929165140426993,1820.60926315621,2537.33612720425,2819.03848991759,6594.4469190008,16071.1466692058,0.793284674621212,0.726378947381647,0.414519156168818,1.1898914828158,0.525731559315421,1.66261442760005,0.884557374125007,2506.151733416,2834.46344766448,3153.85358358613,6112.86566737942,11147.2689578998,0.628859490982878,0.593740566988134,0.291879376415576,0.943255308326029,0.465984001455058,1.54987058129569,0.771908196872114
G52,Populations,58.7848981996748,4050.65088305268,640.571428571429,1630.87651055231,1697.60295682326,4427.04187362133,12748.0607559894,0.907462168056233,0.767864204339286,0.469804354526786,1.36114283607634,0.519239003625,2.77070093859048,0.951383278998697,707.513392857143,1822.22134648861,1857.44811339633,5092.02507829442,16281.3164466907,0.918314641491071,0.791220431133929,0.509565551339331,1.37743239654464,0.5558415205897,2.37356164523929,0.957347813160714,559.651785560185,1482.18522709386,1514.93654220996,4144.56020802097,13879.3763492843,0.923372310070005,0.802138830053571,0.531710473071429,1.38501073735714,0.576647343142857,2.24791250427584,0.960053704017857,660.43013877462,1673.90590598059,1702.67248201708,4752.37724081235,16197.1050992524,0.920955523146897,0.806227091656671,0.538196222569097,1.38139086288666,0.585411088669693,2.08966011109489,0.958776796626187,680.586864062552,1510.95471645249,1535.30141539074,4746.430979461,16742.4664206282,0.920482270813209,0.830658688439963,0.552446506606277,1.38068157694117,0.60042337843654,1.70429800251975,0.958560092394775,634.57684007084,1529.26775927904,1541.65377321522,4257.15047119007,16284.3358526317,0.923533026927725,0.824871041909958,0.579756159782869,1.38525755419772,0.627996252256432,1.85100004735234,0.960209453677421,743.451635950202,1587.42207505488,1604.94173586197,4629.08768444819,16745.9378818094,0.913814277794441,0.824597750357295,0.562948310539455,1.37068032546328,0.616088323893213,1.74122484425367,0.954941980385043,1081.44306622133,2000.50036779703,2032.09021663527,5460.58262351022,15933.2410918178,0.872581304262474,0.777283490263789,0.489942664635911,1.30883637464401,0.562838445264404,1.98005235848543,0.931799373729832,1774.16878777591,2406.58700305298,2687.68925347716,6371.94489119078,15172.7481641447,0.779642422375795,0.717150072142419,0.39299933233943,1.16942579650869,0.507359200992137,1.65811552266898,0.875655763970408,2624.67396697383,2856.34686973649,3252.80697351524,5930.10951509597,10172.375977713,0.579178882664955,0.554304178503024,0.252482607759134,0.868730601835233,0.44755555915261,1.4772487619138,0.733869715875202
G53,Populations,56.2041643553722,3079.08481837661,640.571428571429,1719.86494941625,1737.75674108573,4675.24928512329,13237.7952561549,0.907504425237932,0.767864204339286,0.469804354526786,1.3612066192427,0.519239003625,2.93655562771085,0.951404534840806,707.513392857143,1939.85419002494,1943.17429414013,5378.67534001995,16725.4638105598,0.918314641491071,0.791220431133929,0.509565551338216,1.37743239654464,0.555841520588842,2.50296553200247,0.957347813160714,559.651785745548,1539.50114418528,1545.02328079836,4293.17843481722,14056.9175409033,0.923372310039201,0.802138830053571,0.531710473071429,1.38501073735714,0.576647343142857,2.29952751795604,0.960053704017857,660.593149982654,1729.39609886421,1740.94694967825,4825.73582583784,16174.4159478138,0.920916727882743,0.805402814850083,0.53770260262607,1.38133317423824,0.58447867585817,2.17657914799,0.958756789895487,674.754516318756,1543.19432640065,1558.2022341392,4778.76181805396,16685.5000949344,0.921134024737002,0.829106709387274,0.551623218066893,1.38166147836954,0.598844956667897,1.76712028021587,0.958892004091764,628.771523919031,1560.1554138345,1565.38953956579,4312.58595837763,16299.3975978331,0.924529055714139,0.823001479328252,0.578059979123467,1.38675233424325,0.624838285303371,1.90994701768659,0.960713605901059,730.930831321546,1620.31176435506,1628.47058489892,4706.08057473561,16845.8253458363,0.915938665781015,0.822968559208492,0.560982951652886,1.37386929641959,0.612064836109906,1.79920786066784,0.956049703525752,1077.35386663943,2017.39327984971,2046.48805771996,5503.40542083794,16314.7271037089,0.87371860897955,0.778860372395601,0.493667840958253,1.31053973471754,0.565543693585557,1.97991249917643,0.932415387185418,1565.43175213404,2226.54890233981,2481.1107822212,6108.45418814814,15420.8396697009,0.809402817807566,0.746135426037846,0.430280308199234,1.21406284142797,0.532108728415662,1.6165099314721,0.894379119721926,2170.99707507355,2405.90237501827,2758.97316002214,5526.94915774771,10619.5122636278,0.658046304004426,0.627167350255757,0.310293817903673,0.987033346194794,0.472329161629032,1.47027657992405,0.793039324969986
G54,Populations,68.148142213793,3230.35506532288,640.571428571429,1759.57560940022,1756.26350288749,4881.34824739343,13360.7446144017,0.907480196390747,0.767864204339286,0.469804354526786,1.36117014389019,0.519239003625,3.03126182338254,0.951392596572173,707.513392857143,1982.36586111943,1976.05881557828,5630.21996671576,17204.2424144939,0.918314641491071,0.791220431133929,0.509565551337742,1.37743239654464,0.555841520588104,2.49844631346413,0.957347813160714,559.651785829756,1575.40595183423,1565.29572134437,4482.40324954211,14781.3848866496,0.923372310036148,0.802138830053571,0.531710473071429,1.38501073735714,0.576647343142857,2.28454139732362,0.960053704017857,657.670282214005,1723.1011343368,1737.33046454144,4861.35659214628,16788.0112720233,0.921772365537927,0.806254347192047,0.538800668853536,1.38261655016442,0.586140222642462,2.11661599145476,0.959182343216329,667.030250426099,1509.95092842642,1533.91601600555,4765.59978242805,17566.7311496534,0.922713063012536,0.833239743422817,0.557146192107393,1.38403325812944,0.604570248650134,1.69348727339286,0.959695081867013,608.718994564102,1474.10132867268,1496.7969178658,4119.58694476772,16715.3232135811,0.92773418120831,0.830948497207014,0.589880847680942,1.39156047780096,0.637155710389619,1.80639604610873,0.962336289399888,708.449755037094,1546.9783363047,1571.93126838598,4530.08194854192,17734.4985877948,0.920822221075536,0.831649792057169,0.577335066386289,1.38119355084977,0.627970166437359,1.70800757487,0.958574961908657,1023.32512122007,1955.57487621334,1994.22270560563,5411.23975672331,18122.5429506362,0.889856200477977,0.797626844124306,0.527739944927433,1.33474723383444,0.592345924930777,1.8693608607142,0.941478407568742,1245.46408623607,1995.05544223176,2062.14155454228,5716.36862205158,16734.9783259007,0.864778353457181,0.792714900429372,0.504561074438389,1.29712892898972,0.579786501882331,1.6492874061316,0.927255726687185,1838.23178932213,2278.69526898817,2541.62846767572,5263.27083948015,11375.970898921,0.721282193744804,0.665819384314237,0.368622037453381,1.08187787477122,0.508774241660904,1.63774256572777,0.835239170282085
G55,Populations,55.6912015969007,3325.68255521806,640.571428571429,1723.69338838168,1739.30475718232,4756.8108796111,13415.5455105836,0.907505902294114,0.767864204339286,0.469804354526786,1.36120891299365,0.519239003625,2.78400932851968,0.951405335118788,707.513392857143,1916.2721588544,1927.56867419864,5419.92752252341,17075.5314738562,0.918314641491071,0.791220431133929,0.50956555134344,1.37743239654464,0.555841520591223,2.37726225008755,0.957347813160714,559.651785701765,1522.50950856565,1537.08664652873,4234.17085158684,14045.5235046928,0.923372310045665,0.802138830053571,0.531710473071429,1.38501073735714,0.576647343142857,2.24912081536774,0.960053704017857,662.963930978182,1743.14639097646,1753.75218645736,4888.48362006223,16496.1080518275,0.920976498778423,0.805674306999037,0.538171638957658,1.38142235176754,0.585419961012435,2.13780198573481,0.958786880282584,676.150205325771,1543.69115228605,1561.11479986682,4795.17581662916,16902.5287987979,0.921060573070523,0.829719957339137,0.552825321225778,1.38155145538324,0.600716844411262,1.73477485156029,0.958856011261643,635.364949446184,1565.82562622983,1571.79679229122,4336.80723156779,16740.8548973556,0.924332211404464,0.824968902926207,0.582035556648352,1.38645697307494,0.630169524048969,1.86103761968189,0.960614351100392,730.71230470881,1605.10617581601,1618.89668155752,4629.91913829872,17124.5234495858,0.916447815025523,0.825207505786043,0.567482229994457,1.37463154923714,0.619520981215667,1.76009220563275,0.956309353605359,1082.53770504658,2024.57293329884,2054.51337445176,5471.27493028597,16213.1616968965,0.873717481391215,0.77813927008388,0.496761853638748,1.31054133258423,0.569641571452108,1.99524436514303,0.932475519056198,1683.3370283888,2347.75073401451,2615.27524737739,6258.89311402291,15709.340287123,0.801693799662145,0.738406727579814,0.428034336387294,1.20250233616429,0.536838668914989,1.63056511289796,0.889861051892573,2301.00178613476,2609.61908487512,2949.02847841877,5783.09757080384,11039.3352704026,0.651665090320373,0.618183242519224,0.313482616518718,0.977453121940879,0.4815042764729,1.50966414277149,0.788488029853158
G56,Populations,58.3435119982488,3908.52423227545,640.571428571429,1779.22240699748,1765.66198341961,5008.73753724329,14112.7089920587,0.907683729604384,0.767864204339286,0.469804354526786,1.36147682489367,0.519239003625,2.86819319949442,0.951492973384443,707.513392857143,1958.61169529068,1959.17204261442,5555.86594857396,17494.0963771573,0.918314641491071,0.791220431133929,0.509565551344412,1.37743239654464,0.555841520590783,2.47071718394966,0.957347813160714,559.651785666588,1543.78322619226,1549.02465719655,4379.74355152375,14724.027026335,0.923372310064799,0.802138830053571,0.531710473071429,1.38501073735714,0.576647343142857,2.25403675738044,0.960053704017857,657.741811104612,1753.47026021367,1762.29829501949,4927.37201234042,16563.9380536324,0.921579074652932,0.805547816269634,0.537912917003539,1.38232578443638,0.584599077620186,2.17882850860184,0.959086779648856,669.912387289588,1538.50978993005,1556.09291332872,4791.20830753453,16974.7110406599,0.921783656028281,0.830078434195681,0.552975333866967,1.38263722386134,0.600332999432866,1.74315806750871,0.959223463696761,625.909551159542,1562.69307942371,1569.15729434088,4355.3996862107,16925.9598457526,0.925792689930301,0.825743635607959,0.582192483427019,1.38864863839799,0.62949929303201,1.86022074518579,0.961354245488877,722.660489488052,1613.18813306219,1625.05954930672,4695.134472109,17425.8486973323,0.918259605727035,0.826054894142644,0.567686738307416,1.37734844876073,0.618776701521497,1.75865010031795,0.957250817175193,1073.17703495796,2027.69979105876,2056.94477447974,5501.15386695381,16336.1518822562,0.875138012742366,0.778319995316263,0.495890852352595,1.31266943390689,0.567292084150261,1.99162714714107,0.933173709937165,1941.15599459581,2662.03156958474,2989.59842877175,6853.42410150769,16108.7398828408,0.778863715645439,0.713130441132794,0.396391317464747,1.16826106133935,0.511383092587775,1.71225377223565,0.874810887765363,2875.30377469954,3104.32771399981,3640.32720764063,6631.08323341481,11181.9882403918,0.592036699877602,0.567504860704435,0.258174016477535,0.888022771340285,0.43217879252196,1.55352330000756,0.743904028789756
G57,Populations,64.4333265480648,4594.49960094825,640.571428571429,1752.75890692223,1750.50640113415,4891.04097416508,13922.8115519479,0.907710132043809,0.767864204339286,0.469804354526786,1.36151655773848,0.519239003625,2.92929312681401,0.951507305297671,707.513392857143,1982.54355735228,1972.19134652459,5607.27474946026,17551.3916566185,0.918314641491071,0.791220431133929,0.509565551343842,1.37743239654464,0.555841520590701,2.49244590559541,0.957347813160714,559.651785675751,1554.22436543427,1553.01763893504,4446.03087184179,15159.9908796004,0.923372310067502,0.802138830053571,0.531710473071429,1.38501073735714,0.576647343142857,2.25090897691346,0.960053704017857,658.868472292408,1762.34837925252,1765.7334485423,5000.3091496663,17221.7509688542,0.921983294661448,0.806236665423079,0.538841411541637,1.38293252294003,0.58615376523855,2.12848491925776,0.959287950213173,670.992969833658,1554.56695586193,1567.74589445749,4913.42408759124,17785.3118392565,0.922427035529221,0.831581397188655,0.554867380688562,1.38360409416225,0.60240232199565,1.71287552251398,0.959550506414974,625.268990800989,1544.9027067252,1554.03810027115,4323.50518595603,16992.1013636339,0.926323586363912,0.827303497802677,0.584447169439603,1.38944503512101,0.631391247222704,1.85051148488108,0.961628985585577,735.146384148546,1631.01007332073,1637.41387976491,4733.37720548989,17793.2067245028,0.91797420377037,0.827005393647241,0.570613488651858,1.37692197653848,0.622100790587397,1.75026977242908,0.957118929816525,1127.67442418969,2091.74203164059,2098.1346786321,5546.61837015825,16930.9784373085,0.87150021312383,0.776079914861389,0.500224489952216,1.30721367274468,0.574177981555788,1.98886356353877,0.931233483766857,1685.21333418927,2428.34619023783,2650.3360384721,6178.7922471716,15490.9961701226,0.798623726589568,0.725700380217287,0.425617182917054,1.19789664423667,0.533495529523289,1.80896596573941,0.887542490137684,2569.81789631599,2873.26644482747,3271.99909254469,6392.7356925815,11450.3029799535,0.629292829470542,0.597251535248273,0.280661001263407,0.943909363636419,0.447668266729822,1.55605471735491,0.771705578148605
G58,Populations,68.8809136117584,3042.80125251305,640.571428571429,1683.56440643759,1718.76390947097,4673.44417498343,13541.1602825656,0.907768072413571,0.767864204339286,0.469804354526786,1.36160383745549,0.519239003625,2.83079980694693,0.951535197820832,707.513392857143,1909.03175925358,1917.66613911916,5421.82937526209,17098.776693949,0.918314641491071,0.791220431133929,0.509565551343468,1.37743239654464,0.555841520590394,2.43442334318869,0.957347813160714,559.651785718493,1531.08821744056,1541.56460144093,4301.94030101267,14322.1102190222,0.923372310047631,0.802138830053571,0.531710473071429,1.38501073735714,0.576647343142857,2.24453642738457,0.960053704017857,649.871756259434,1675.19354618598,1702.03990023331,4722.35841268396,16382.5340077562,0.92223766296455,0.806666015868595,0.539167412718441,1.38331408251222,0.586603135529878,2.09464850095096,0.959413900397888,658.832451385774,1497.08124455345,1525.69169199598,4763.82971220066,17363.4869260422,0.923390022564671,0.833524734043628,0.556823700875988,1.38504946113039,0.603872775317856,1.69302173580149,0.960035752872054,600.774314745791,1455.13708669768,1482.94348600141,4090.63330067217,16463.9347277131,0.928642146721693,0.831568544526333,0.589519908312951,1.39292277431667,0.636062957698827,1.80589796244328,0.962793605143245,687.821443905265,1503.20946175308,1539.63106694492,4471.10520891216,17356.9808103584,0.922888621579082,0.833689326975569,0.577570575351255,1.38429446640089,0.62681847365646,1.69492987731689,0.959646334598033,1031.75238467702,1978.03048631044,2011.5109010174,5464.27350273197,17952.0141689614,0.887389798735184,0.794029815794136,0.520024439477374,1.33104737439013,0.58540440768735,1.89182974615709,0.940009449585968,1151.69315191675,1841.88091189806,1871.33519780707,5411.62028636183,15995.9688694402,0.865514249368441,0.794613234807015,0.50274832749225,1.29823349766124,0.576330413724063,1.63255904906243,0.927056981540121,1780.82120808019,2147.06224901416,2316.25492739417,5116.41846376749,11088.0070941583,0.721925351409548,0.674068202021076,0.367614609810306,1.08284415077334,0.504518601028338,1.5299943876842,0.835233005282863
G59,Populations,59.0074225943724,2999.88497858945,640.571428571429,1707.24540267489,1730.64466742558,4702.35399543813,13381.8008011877,0.907630817118459,0.767864204339286,0.469804354526786,1.36139707643215,0.519239003625,2.9287880158002,0.95146699673117,707.513392857143,1890.15123634418,1905.20893578059,5261.66178669757,16787.7785436724,0.918314641491071,0.791220431133929,0.509565551342835,1.37743239654464,0.555841520590739,2.42726094893308,0.957347813160714,559.65178562393,1491.03684200732,1520.11374924836,4104.35640389613,13866.6175413578,0.92337231005751,0.802138830053571,0.531710473071429,1.38501073735714,0.576647343142857,2.22640060129558,0.960053704017857,657.584261320758,1686.81576060019,1712.94177645024,4706.28828530425,16267.312458998,0.921317091561243,0.8062019394654381,0.538816175941371,1.38193245473719,0.58648489042671,2.10181647951493,0.958957349056618,671.394349562696,1498.56044227197,1530.67199447962,4628.27767825858,16539.1008160685,0.921222615015038,0.830862013521667,0.55441578752954,1.3817938734049,0.602885556679071,1.70532303012862,0.958938625263343,625.900102896714,1500.57792241137,1520.01882067896,4123.95162476206,16113.2961668603,0.92463334768697,0.826408378362987,0.584176682044059,1.38690609688759,0.632718369453606,1.84050297352918,0.960771759827646,725.098176217756,1561.88459012554,1584.90873364047,4520.9523851799,16902.295781364,0.916870875816272,0.827455213166696,0.56986174384867,1.37526519758905,0.622064566199262,1.73240091626102,0.956546047987223,1053.47596561049,1991.99791265836,2026.88938856943,5436.95612755789,16915.271186635,0.881147775727033,0.786320823102763,0.508197524547762,1.32168244810789,0.576622184107816,1.93985871967439,0.936621350972556,1422.29589420709,2082.06840114426,2242.21225604047,5820.08933103637,15662.8529413568,0.829059804030361,0.764631536868147,0.460302736802625,1.2435530511622,0.553410410618771,1.60989399001175,0.905719997506425,2013.21445504835,2321.00583036783,2620.1657046259,5455.46496728539,10912.0986523393,0.685401813257134,0.649049305638111,0.332093989856239,1.02806188076101,0.483017642297788,1.48387701501129,0.811316937125933
G60,Populations,56.4266887500699,2971.32553010999,640.571428571429,1713.10136717874,1732.20507052627,4746.32990250587,13826.2876089599,0.907759490166341,0.767864204339286,0.469804354526786,1.36159095974964,0.519239003625,2.87176538851011,0.951531122752341,707.513392857143,1883.46130657585,1897.77175802352,5246.68615370902,16971.1884576423,0.918314641491071,0.791220431133929,0.509565551345602,1.37743239654464,0.555841520592181,2.40102187827833,0.957347813160714,559.651785651908,1515.02720935912,1530.95807859452,4221.37475743307,14320.0139350609,0.923372310059195,0.802138830053571,0.531710473071429,1.38501073735714,0.576647343142857,2.24520200526917,0.960053704017857,662.89208461364,1724.17740354177,1735.40849300469,4802.96998025022,16359.2391384252,0.920823950681808,0.80576540796515,0.538411354329801,1.38119331186726,0.586029194964163,2.12575278340404,0.958711580230122,675.093938955329,1530.33479274197,1547.16173190102,4722.75441833994,16727.5922854758,0.921095415275314,0.829898634183349,0.553513940472518,1.38160348536318,0.601894644960603,1.72502683629686,0.958873766843457,638.765056832814,1547.89803997125,1556.37543227693,4261.64426938776,16448.0728133797,0.923842011284693,0.825178655241933,0.582592497082967,1.38572153995231,0.631387089532246,1.85369440047657,0.960368602046019,741.589334350852,1604.74309947496,1616.82445468651,4618.98148683537,16953.4162799148,0.915155682166503,0.825179267098642,0.566917905704444,1.37269273963202,0.619923624418839,1.74744132393099,0.95565442929921,1108.04723274362,2044.72464275794,2072.71712438225,5497.19466366431,16476.5490927789,0.871142492742557,0.77702999750467,0.496246535434974,1.30667567467514,0.570015354967235,1.97879127271006,0.931055822291543,1836.77738218966,2417.09244008672,2757.90974887248,6384.37509064388,15656.0130886681,0.784499027476921,0.730790032997257,0.418345517859763,1.1767189397023,0.53483858842958,1.55536548451016,0.878864728751959,2390.59618733577,2636.07104397006,3107.39742868957,5855.67197880887,10916.0795692975,0.640675426464174,0.60941341132332,0.30155481494087,0.96097824863489,0.470918234864462,1.48348890519656,0.78048685625157
G61,Populations,61.2226720934769,3246.41625969197,640.571428571429,1745.54802454872,1750.11725642777,4823.20949234427,13544.6136237109,0.907670573572573,0.767864204339286,0.469804354526786,1.36145700838243,0.519239003625,3.02929848229005,0.951487618157248,707.513392857143,1956.55581092035,1957.03129419708,5498.23078040483,17109.1293114451,0.918314641491071,0.791220431133929,0.509565551340432,1.37743239654464,0.555841520589723,2.46492346657095,0.957347813160714,559.651785790003,1543.27187879778,1550.04162886699,4317.27282782856,14283.344875715,0.923372310032427,0.802138830053571,0.531710473071429,1.38501073735714,0.576647343142857,2.26260228276862,0.960053704017857,664.145593713869,1740.30177000777,1752.76309476322,4838.88228543267,16242.3682039706,0.92039117747909,0.805152838192734,0.537602367366551,1.38054510061869,0.584816921039787,2.14806204048059,0.958493968185498,673.203875965143,1545.01312101805,1563.59454381762,4732.69603550266,16568.3169896469,0.920735253222323,0.827872031592505,0.551531407638096,1.38106244272745,0.599768965729036,1.75577570145499,0.9586897492532,642.13130556503,1594.47740620218,1602.15922063149,4334.4283977621,16237.9698499004,0.923179159886402,0.820661365209331,0.577128343904636,1.38472735509407,0.625228055233801,1.90988795095079,0.960028731272438,754.58402600305,1662.04758067443,1670.75737700292,4709.03796556997,16762.4613976671,0.913609554856719,0.820395137615965,0.56148447569702,1.37037273416798,0.614609652487964,1.79085054316173,0.954835108992861,1083.91060254687,2055.70785679911,2098.46984882737,5515.94548589657,16577.8094981814,0.876832495384741,0.780905165887443,0.503305567203978,1.31521249462131,0.573347963187517,1.96075709624811,0.934230638663191,1622.86554442501,2268.09313909853,2481.83251963827,6187.51485359653,15888.5657649115,0.81469890083339,0.751765851087035,0.446257027379718,1.22201289577295,0.546808422579525,1.59870985372064,0.897267287799742,2060.2281860772,2368.42365907772,2726.68399682827,5456.95113321993,10815.5034914294,0.675160646610999,0.637331025380327,0.326111244927096,1.01269690273786,0.483179095931586,1.49734134732643,0.804200304656626
G62,Populations,61.2747218778586,2671.25185786293,640.571428571429,1833.26914959677,1809.69664479136,4967.60875049446,12702.0414372449,0.907037379354416,0.767864204339286,0.469804354526786,1.36050278155881,0.519239003625,3.15168727557071,0.951166367152854,707.513392857143,2046.22118962626,2060.19748754602,5557.77177504609,15764.5122722504,0.918314641491071,0.791220431133929,0.509565551319703,1.37743239654464,0.555841520581666,2.64281417336421,0.957347813160714,559.651785942568,1605.67236116862,1594.35486073778,4400.70520132798,13060.3864583723,0.92337230998617,0.802138830053571,0.531710473071429,1.38501073735714,0.576647343142857,2.43829460466744,0.960053704017857,681.120992270702,1863.54031093289,1858.15306411394,5125.91621952507,15712.1479208161,0.918018100697278,0.802580119089026,0.534578119720903,1.37698413387323,0.580246788119172,2.2937027606129,0.957273127614413,697.731056839649,1685.76302485411,1679.50883144795,5069.34593588175,16161.6334410886,0.91767691589237,0.819905016744917,0.541387570983876,1.37646845734238,0.589489428425434,1.88404793268409,0.957094540071155,664.136673084221,1635.73056738864,1636.45686913405,4430.48097653311,15673.3007149887,0.918837770210375,0.814125066162276,0.566186854140395,1.37821373064393,0.616192427236706,1.95767978138778,0.957773122135853,778.650428281715,1698.49903240427,1699.05523634778,4783.75277340522,16059.8949263582,0.907911421868092,0.81270580871389,0.547151273837334,1.36182480399659,0.603028926799165,1.83721639031945,0.951804709281599,1139.75189518286,2114.38668147238,2126.64550262433,5593.61409497267,15563.1450506861,0.863492166706882,0.76215768952473,0.475122277845778,1.29520175503367,0.553251837565052,2.10008674775192,0.926664177208094,1624.52299559828,2408.33247583939,2601.27997876461,6566.59080119303,16321.218974002,0.817404966248189,0.74237529146245,0.428303582354476,1.22607297775487,0.526166056182854,1.75621268984804,0.899190247733893,2083.09647845202,2404.8436091622398,2699.21604429343,5492.96244208461,10615.8796587492,0.667284889594947,0.627366166731857,0.312569172815915,1.00088502557911,0.468462650594673,1.55474563272813,0.799118367205548
G63,Populations,61.3276373167175,3570.34273488743,640.571428571429,1749.25778964472,1750.52027409967,4949.77035993418,14047.3117709895,0.90781501444267,0.767864204339286,0.469804354526786,1.36167465791129,0.519239003625,2.93768093428205,0.951558242593258,707.513392857143,1987.56486530684,1977.67096536231,5634.26156957222,17383.7384137286,0.918314641491071,0.791220431133929,0.509565551340452,1.37743239654464,0.555841520588852,2.53561659262894,0.957347813160714,559.651785700128,1556.26362302997,1554.42550322217,4470.67045285932,14996.8719572321,0.923372310063008,0.802138830053571,0.531710473071429,1.38501073735714,0.576647343142857,2.26953362856059,0.960053704017857,660.534887038648,1762.99935607435,1767.80255303856,4961.85461826531,16631.3138200636,0.921301797188095,0.805484568804649,0.537775593751977,1.3819100662645,0.584426903944383,2.18531075771925,0.958949457155014,667.950561461633,1544.56487280092,1561.85777097332,4828.1433906899,16993.0827794366,0.921988126437429,0.829729853371773,0.551909910388849,1.38294455286888,0.598932662932099,1.76054512737136,0.95932800637704,635.140344475954,1609.62908393908,1606.40825266081,4527.41141389474,17049.4929240602,0.925364374068452,0.82325121479155,0.577066872569851,1.38800575092733,0.623109374608459,1.91325750665714,0.961143368442016,745.153050561844,1694.9757853542,1687.79355731013,4945.28820964848,17651.2893731171,0.916348869905162,0.822226360608161,0.560390215808439,1.37448355823015,0.611238735848407,1.81494344963636,0.956274328266404,1094.34363743166,2109.23645447109,2113.70501457039,5639.57512660519,16823.8667938819,0.874793284177453,0.773907142395694,0.490955955929444,1.31215381925017,0.561868281979596,2.09683020356717,0.933086794368124,2082.85446555608,2985.63859173159,3304.39875006456,7490.55867772534,17042.0029351094,0.785195538378384,0.709312790610835,0.393853028453285,1.17775994852945,0.503943169028555,1.86776439738354,0.878966494261702,2872.96583193537,3135.50256842845,3723.91162859563,6555.73703134856,11065.5353580457,0.587569847376152,0.557793662597579,0.256279194376626,0.881318180937656,0.439860423582698,1.56376367196322,0.740563493022989
G64,Populations,65.3781804133492,2984.37723840707,640.571428571429,1735.00008949223,1744.78970252248,4757.28364196824,13460.4004506123,0.907598963668893,0.767864204339286,0.469804354526786,1.36134901048257,0.519239003625,2.94079147514078,0.951451446725764,707.513392857143,1936.6128822164,1941.61611888313,5323.52956477803,16885.6742560952,0.918314641491071,0.791220431133929,0.509565551342048,1.37743239654464,0.555841520590661,2.47999584767995,0.957347813160714,559.65178564605,1539.219033204,1546.86095320911,4322.65073366362,14600.7785900857,0.923372310065193,0.802138830053571,0.531710473071429,1.38501073735714,0.576647343142857,2.27456104646331,0.960053704017857,658.409993256364,1751.84468790606,1760.319118373,4909.88634395806,16801.4175242267,0.921577026101808,0.805803335693773,0.538474800426969,1.38232360486237,0.585756406843154,2.14593467879984,0.959086217482152,670.425891165013,1568.03392067118,1579.40685345524,4864.62813348983,17261.4559298242,0.921978589656929,0.829460842099583,0.552803393071085,1.38292935254172,0.600179324314195,1.76192679717269,0.959323272222099,632.127720014248,1573.58941681047,1579.28140404618,4381.11152448368,16961.2687562611,0.925447137749077,0.825412994085216,0.582120680245113,1.38813023314777,0.629794285438306,1.86035465059166,0.96118553381889,737.292534124452,1651.38462089873,1656.49388015574,4821.65009537785,17842.5923174336,0.917519039502187,0.825578427923708,0.567762324816695,1.37624049624326,0.619524658773573,1.75610109288731,0.956880858574302,1057.67559316507,2053.38657851852,2070.88712731714,5531.91584619915,17395.3665482473,0.882778170980484,0.783281364782507,0.508153966457957,1.32412900461301,0.576103854196609,2.00356244404808,0.937557455808189,1711.264044334,2639.99259439674,2848.30949316907,6872.1330365333,17390.3145515445,0.823769833489771,0.742426153918383,0.439591512402449,1.23562053374347,0.534556316290025,1.88237250660144,0.903329910123802,2420.01147050756,2838.39822217313,3256.77346638289,6393.70037491989,11750.5824468043,0.662600159362047,0.61834014919614,0.305518212949392,0.99386449029469,0.464827718338078,1.60101200660662,0.79712110359758
G65,Populations,55.9765281042037,3362.95054714682,640.571428571429,1732.44993045022,1743.37058177214,4817.97612639882,13731.0503383237,0.907708209721232,0.767864204339286,0.469804354526786,1.36151372694104,0.519239003625,2.89278598203368,0.951505597531831,707.513392857143,1914.87853203863,1925.16452145865,5378.53979043531,17043.9612407436,0.918314641491071,0.791220431133929,0.509565551344315,1.37743239654464,0.555841520591328,2.40618362004432,0.957347813160714,559.651785747812,1543.01182469183,1549.32233521282,4347.80694164706,14511.3235079539,0.923372310045602,0.802138830053571,0.531710473071429,1.38501073735714,0.576647343142857,2.24028816715514,0.960053704017857,658.431830172126,1726.69164103182,1741.42743752225,4837.61628258703,16449.7371705187,0.921242594582319,0.805837140651396,0.538351235565103,1.38182124006651,0.585671939226185,2.1305071328882,0.958920133623468,669.112059803413,1520.66760301264,1542.98400621344,4735.35912352722,16788.9421890691,0.921712373115793,0.830660090972829,0.553774460893388,1.38252986211291,0.601681099303889,1.72182586300423,0.959188051943037,631.591425227927,1557.76988030281,1564.66507225855,4318.5841994415,16543.5938398719,0.924703179458416,0.824696364286734,0.581172304901937,1.38701355274839,0.629600344998861,1.85688031798718,0.96080933177835,733.861340650246,1621.4175456282,1630.67584005887,4713.74454193257,17079.331178728,0.916130883932978,0.824513255303739,0.564664201922291,1.37415477901426,0.617125574417685,1.75379914080277,0.956163834475236,1082.22102552695,2042.30036651888,2063.39474678359,5534.25500858433,16540.4160947789,0.874975737752377,0.778356301974273,0.495231714813894,1.31242501855271,0.566767821864938,1.99622163464987,0.933183968627084,1835.81465429512,2477.67361909556,2773.7481679783,6544.74475312303,15972.2180919283,0.789205693947125,0.72982288871225,0.414640840206103,1.1837717603918,0.52906054103343,1.59549490739183,0.88211284925992,2346.80397709497,2635.68967353107,3021.89919621973,5830.58301605515,10934.0899484319,0.641548404789574,0.611019210274446,0.301994090806333,0.962283007940195,0.475820302078475,1.50820284295598,0.781518940992333
G66,Populations,56.3782792021499,3921.98699379342,640.571428571429,1737.68266608056,1746.76512005952,4851.8485815407,13704.1173493429,0.90769119929535,0.767864204339286,0.469804354526786,1.36148807903984,0.519239003625,2.92973533801443,0.951497206352563,707.513392857143,1901.11885562691,1916.96135275482,5347.15176999421,17030.870371467,0.918314641491071,0.791220431133929,0.509565551343741,1.37743239654464,0.555841520590832,2.4228617746049,0.957347813160714,559.651785719966,1536.68085148326,1546.36533171989,4321.47828986382,14486.7883813238,0.923372310051528,0.802138830053571,0.531710473071429,1.38501073735714,0.576647343142857,2.23826399462325,0.960053704017857,655.794183862753,1712.78370819038,1732.94694554802,4800.99266458988,16419.9183932959,0.921588232992665,0.805935119309241,0.538353438662702,1.38233965917547,0.58545558379398,2.13986151751508,0.959091580967221,670.66292715032,1505.74640412608,1534.36241993561,4690.32076728237,16704.0262094896,0.921482644046639,0.830854001881415,0.553894197385423,1.3821848402136,0.601838440117345,1.71660706275112,0.95907113442873,626.391514565541,1542.37147798826,1552.67687103684,4278.77096753478,16466.3128871177,0.925073647650427,0.825033369855848,0.581239655008664,1.38756847671577,0.628988862782316,1.86429738765798,0.960994232828586,731.753957711033,1612.51334738784,1624.09919056921,4672.03122987175,17048.3915389384,0.916097433926367,0.824477135311827,0.564848774032017,1.37410627189174,0.617123714023677,1.76549890863029,0.956139633937123,1099.22479879369,2051.27827389824,2071.83639108501,5539.04790178349,16428.8057991739,0.872409560766191,0.776018203256849,0.492063013180985,1.30857780493432,0.564642838744472,2.01224600209384,0.93173611394154,1837.34289269949,2479.7573172858,2778.07618672309,6485.51570734158,15723.280438424,0.784577088674853,0.724314209023561,0.409388749942467,1.1768256057608,0.524758535462173,1.6091298995473,0.878701031148629,2504.88140478481,2772.97052873382,3269.29206748352,6082.38411552307,10796.4912761453,0.614589876200088,0.584784585962931,0.2739464663237,0.921847108212648,0.445850735920964,1.52824586956707,0.760712925559678
G67,Populations,57.8182922725426,3103.73709506098,640.571428571429,1702.14534584756,1738.48799462877,4619.82565177493,13035.1792657622,0.907558510109524,0.767864204339286,0.469804354526786,1.36128812661861,0.519239003625,2.80223061018624,0.951432284223973,707.513392857143,1860.00545773532,1893.57154511747,5112.04356274469,16166.8042702447,0.918314641491071,0.791220431133929,0.509565551339171,1.37743239654464,0.5558415205893,2.40971019779996,0.957347813160714,559.65178562905,1500.81158209899,1528.85242639327,4138.29784743732,13677.2733561603,0.923372310054303,0.802138830053571,0.531710473071429,1.38501073735714,0.576647343142857,2.27021833654487,0.960053704017857,660.980952753639,1739.95474613495,1763.03951188261,4832.36965175849,15990.2032668803,0.920767962424657,0.80509693272846,0.537372347511552,1.38110962279903,0.583998001170716,2.17626016348355,0.958682719032397,680.196719445424,1580.55725632573,1594.0836381976,4857.61788134308,16494.015481671,0.920551444913557,0.826805980816322,0.549013001516567,1.38078634760499,0.596561991472124,1.79139194842414,0.958595153059051,642.602008228377,1591.84346570348,1592.18869394666,4402.14148767587,16431.4619124812,0.923152647453556,0.820819854743099,0.57503806676895,1.38468669354381,0.623236211420757,1.90884077640097,0.960017155759712,757.715342030607,1672.41158403071,1669.90285021094,4824.39126592384,17045.1434611137,0.913351060233553,0.819545186552514,0.557009860790779,1.36998497760041,0.610494365026522,1.80377177651682,0.954707863629811,1154.47032416493,2120.10754248725,2123.05944942608,5642.71693646931,16630.4502627417,0.865793943918987,0.768641915428034,0.483687089875278,1.29865709439376,0.560475741085896,2.04954026780874,0.928015528552885,1870.32320386326,2547.39309569355,2878.92594213499,6644.60357176424,16123.5518852121,0.78538270275651,0.724686192426801,0.412238518679753,1.17804173667507,0.527527733373975,1.63363249831853,0.879564079816381,2331.68679854787,2609.6172174815,3018.59188721101,5901.30296848385,10993.526664895,0.650251957140101,0.618643880135444,0.305176393096177,0.975341570869617,0.471094205574592,1.48816133840423,0.787821591928595
G68,Populations,63.5077749303263,4281.75690549824,640.571428571429,1754.65448662761,1761.04868302315,4784.88744259333,12990.5226430235,0.907467829049897,0.767864204339286,0.469804354526786,1.36115141347825,0.519239003625,3.0557066814549,0.951387236688302,707.513392857143,1964.5362697461,1978.78069256296,5459.77042938268,16538.8739125682,0.918314641491071,0.791220431133929,0.509565551332541,1.37743239654464,0.555841520585895,2.54670415725159,0.957347813160714,559.651785834718,1575.25399229042,1578.45082702014,4446.69167572485,14142.2279912241,0.923372310026145,0.802138830053571,0.531710473071429,1.38501073735714,0.576647343142857,2.30974024905012,0.960053704017857,659.329156205953,1763.90978801971,1793.73935075636,4922.94549581708,16082.715886861,0.920855623783776,0.804711858585886,0.536926962857645,1.38124116401633,0.583181568305557,2.19354038409225,0.958726342645963,671.404219218512,1559.6432345227,1600.03346578211,4826.47009069818,16415.7445179571,0.920935156560665,0.826881388509385,0.548749569592881,1.3813618188341,0.596043552517038,1.7810976222937,0.958791297750637,637.01084414385,1626.19629696089,1642.4686584206,4486.45936231657,16247.6144071085,0.923785738279495,0.818936774977297,0.572612439640033,1.3856377580041,0.619393867914691,1.94209101847041,0.960338398859502,757.481781231851,1732.498061523,1738.89606957593,4958.48758284623,17006.4205927172,0.913471640584575,0.816728326031061,0.554047559841625,1.37016833490356,0.606563499761134,1.8511974940008,0.95476040613892,1154.15748504785,2177.24380698756,2184.01023036509,5759.54013769915,16729.0569336059,0.867567063435235,0.765340962037608,0.482248055709165,1.30131485002111,0.557573314049914,2.09407752275159,0.928963011352921,1839.29208740271,2687.98465955076,2927.51215957739,6796.41015440368,15883.6876966469,0.787589829675204,0.708030342529628,0.396721723585408,1.18134935225786,0.508694892615967,1.93913501543593,0.880643818414904,2795.21951183784,3131.72101557771,3718.33019736332,6563.92872479485,10805.2898043417,0.586242201381694,0.552915228744598,0.242720623383892,0.879326858457726,0.409715672444721,1.77554646450943,0.736953538922392
G69,Populations,67.9991337448096,3267.30654134256,640.571428571429,1714.69034213865,1734.98881895844,4737.05755387253,13391.5212809912,0.907655447541979,0.767864204339286,0.469804354526786,1.36143415060445,0.519239003625,2.92448572551714,0.951480060801714,707.513392857143,1933.38532564293,1940.83644815712,5372.13601827815,16753.1537905949,0.918314641491071,0.791220431133929,0.509565551339272,1.37743239654464,0.555841520589335,2.48087832969563,0.957347813160714,559.651785814395,1514.57012374756,1533.73446225336,4135.95484616003,13527.258271513,0.923372310014049,0.802138830053571,0.531710473071429,1.38501073735714,0.576647343142857,2.24222587077251,0.960053704017857,652.621638584758,1645.60335046659,1682.39511641467,4554.13068543112,15675.3971144884,0.921102708325407,0.80606281364449,0.538514317425441,1.38161100066422,0.586278269312865,2.07328783789153,0.95884968170217,660.070622249221,1460.48836927186,1499.70672801793,4522.92467639196,15966.5006563133,0.921616616010166,0.830539539166484,0.553218106483741,1.38238627433537,0.60147712065356,1.70780735993211,0.95913859840778,619.882638381169,1513.78381274724,1530.01253230408,4162.82203760864,15878.7165004495,0.92460333875918,0.823909730862591,0.579863081163253,1.38686302375469,0.62825556799431,1.86384664871973,0.960755073757495,726.896842610259,1608.02519571085,1620.86001637575,4626.54069538687,16747.0319275161,0.915892741797873,0.82341212617891,0.563632466535547,1.3738009102261,0.616471800636893,1.76746062571898,0.956027669689585,1060.05526495057,1950.79137082832,1993.83726073199,5341.56776579566,15983.9504713525,0.875946325903833,0.783667466641411,0.502866241438071,1.31388084429806,0.575237705143852,1.90919588286034,0.933725319170619,1339.88846248624,1978.5907214026,2072.12581057529,5632.36996133472,15246.8146317095,0.83518921356979,0.768042733324599,0.460035483981857,1.25274498685339,0.550046540127466,1.6590118976978,0.909808762544738,2212.92582229566,2508.47457794775,2896.91306023613,5811.13512555284,10727.4074953994,0.653193013755539,0.618686668562259,0.296548423541023,0.979750019079081,0.453915845082057,1.5491372864352,0.789551195754442
G70,Populations,57.8049946101183,3109.74147115788,640.571428571429,1722.50544516884,1739.83075886771,4720.00513359678,13355.3456229048,0.907637221601065,0.767864204339286,0.469804354526786,1.36140658909904,0.519239003625,2.95443116559789,0.951471169732959,707.513392857143,1973.78172651748,1970.9183316754,5513.10058964581,16852.024426436,0.918314641491071,0.791220431133929,0.509565551335957,1.37743239654464,0.555841520587529,2.52043785003367,0.957347813160714,559.65178577307,1550.41886845324,1552.40791696711,4343.94287047994,14074.1905533971,0.923372310039574,0.802138830053571,0.531710473071429,1.38501073735714,0.576647343142857,2.31841439931231,0.960053704017857,664.615948077471,1746.70311030854,1757.30432301584,4859.47871872282,16074.4198062216,0.920139435127415,0.804830652341636,0.537078425139549,1.3801664549469,0.583813703776743,2.18774767895908,0.958367864404788,675.354154363969,1563.14969186991,1574.90490971746,4815.17272097593,16473.1385480139,0.920566052485317,0.826983561933653,0.549088262058651,1.38080803944103,0.596679541124622,1.79830990432819,0.958602477834945,633.797105326895,1582.17154542595,1584.48114732368,4357.51143870673,16115.8554499206,0.923560177952801,0.820557396031202,0.574773237981733,1.38529854590405,0.6221432985717,1.93720275294721,0.960224499290223,747.900484740065,1663.18790244203,1663.22575068593,4795.95784883257,16706.0595249014,0.913498090873499,0.819535623049991,0.556502338692569,1.37020749521056,0.609017989918456,1.82220897553291,0.954781342864167,1128.85483331313,2065.89148238047,2084.57338237254,5551.8353481429,16087.1338261206,0.865407478858254,0.771854242217348,0.486090151741537,1.29807316945587,0.562359936413119,1.99815083794003,0.927724383410622,1798.60755840615,2444.50186870152,2753.04095345051,6409.13970867125,15683.5322202769,0.786626197913649,0.72687463016824,0.412383284761976,1.17989917432489,0.527645998042367,1.61326275714588,0.880351536196761,2376.15247578703,2652.26723579734,3054.35794390683,5898.39548312797,10971.3413028129,0.642361892659357,0.611582878103379,0.300513923035489,0.963505112740902,0.46837032136477,1.51932996951167,0.782144434633503
G71,Populations,59.6026646432859,3172.04153918545,640.571428571429,1652.91178223175,1715.20723991779,4416.93683804211,12603.5712276401,0.907404612307018,0.767864204339286,0.469804354526786,1.36105612039573,0.519239003625,2.70641428512201,0.951354735460232,707.513392857143,1773.87257909977,1836.2818882746,4872.26585236944,15952.2189573555,0.918314641491071,0.791220431133929,0.509565551345492,1.37743239654464,0.555841520593534,2.23103098483149,0.957347813160714,559.651785598391,1460.85087527572,1511.73403373951,4016.29830013444,13653.8726481874,0.923372310062961,0.802138830053571,0.531710473071429,1.38501073735714,0.576647343142857,2.10275395094091,0.960053704017857,659.59993770828,1677.58413574603,1718.51305107778,4693.88638399905,15894.1582118792,0.92063896194854,0.805923201089244,0.538296460608899,1.3809153364173,0.585958999106437,2.06982327745672,0.958617230255022,670.157930724625,1492.53338479113,1535.92097873059,4606.89169213606,16141.2761997478,0.920504363884649,0.829493712408074,0.55285131015079,1.38071463328223,0.601492697469747,1.70672298349351,0.958571342154705,635.331988128422,1566.87304575341,1584.72970159993,4326.06176964131,16163.4613380734,0.92345232735471,0.82306648175251,0.578474942149126,1.38513599920441,0.626520585357904,1.87953010192841,0.960165175883162,751.328310679298,1656.22190114265,1673.18884207556,4810.90207946874,16869.7565893203,0.913736591691953,0.821905775798092,0.560196504183841,1.37056585091404,0.612902759582043,1.78456249542207,0.954889229280624,1141.21952414331,2109.26249818018,2129.79202897514,5659.04327069483,16577.9379770869,0.867398885469325,0.772130294077587,0.487575060587651,1.30106064850422,0.562852430704291,2.00086775275674,0.928852604514547,1915.46516157094,2607.14768780364,2917.26134486639,6773.47578436987,16171.0971725885,0.785577916694321,0.724410621409665,0.41054707081352,1.17833409597169,0.523906366814349,1.6180995204007,0.879335650920288,2398.81084935893,2772.10173800832,3131.38424256112,6158.40617448705,11260.8825930656,0.643423252311471,0.605987466254753,0.298210524257502,0.965097993825456,0.455645594103705,1.64365339647977,0.780095537318284
G72,Populations,65.3905006785446,3619.15401907923,640.571428571429,1854.90671266935,1800.27188647678,5283.10310631603,14252.9727893246,0.907722228881273,0.767864204339286,0.469804354526786,1.3615348892812,0.519239003625,3.18617972295611,0.951512961178898,707.513392857143,2136.7706991918,2091.45040227844,6159.33435243252,18295.1593360045,0.918314641491071,0.791220431133929,0.50956555134075,1.37743239654464,0.55584152058936,2.53040872312051,0.957347813160714,559.651785831877,1654.64668257755,1611.86055006652,4795.70063553182,15786.2397998464,0.923372310056433,0.802138830053571,0.531710473071429,1.38501073735714,0.576647343142857,2.37193552836409,0.960053704017857,680.927349375416,1921.24852174016,1885.02484300633,5468.82829048976,17701.8680667631,0.920242586650594,0.804626987512655,0.536972014994429,1.38032219144835,0.58343625455365,2.24577340554875,0.958417081156577,700.398098159484,1723.15960533221,1692.61029740796,5338.16063572462,18051.9522863286,0.919755257405662,0.824904181324755,0.547612897265317,1.37959156547854,0.595512022562672,1.83867483415242,0.95818336334601,652.818439611932,1621.08710157407,1616.10057468251,4443.25809521128,16475.0591200283,0.92134079245872,0.819197688575998,0.574554442332752,1.38196949629429,0.623930655468394,1.91952724825817,0.959077151562437,771.647843196579,1720.37903377884,1707.9727158508,4882.48535107747,17095.3445276002,0.911024174250766,0.81708857438864,0.55603706110003,1.36649792218089,0.610815796810034,1.83910379389941,0.953458567187276,1131.04065724285,2088.19724824343,2097.20711668318,5561.56848020455,16567.4875070622,0.868298481910876,0.773229316653136,0.493173766839202,1.30241113203713,0.568733313454488,2.00257051552993,0.929329345309377,1482.19209599688,2188.7331558844,2310.61270428895,5969.08460615145,15795.6430071805,0.828533183182285,0.758000766483972,0.455166632871078,1.24276363742598,0.547810800562745,1.69429273934758,0.905515617559894,2021.94732018544,2420.93919986994,2754.68201968595,5550.62250828572,10891.56046133,0.68298076195484,0.635014087532965,0.324853838923166,1.02442339684591,0.473327181382185,1.6173967140494,0.809871105810669
G73,Populations,59.9845062330421,3486.83882625907,640.571428571429,1741.14816738483,1747.93844720421,4861.36752306121,13582.7408019462,0.907643651045846,0.767864204339286,0.469804354526786,1.36141647166253,0.519239003625,2.92445482375083,0.951474079756013,707.513392857143,1977.35138906844,1974.3439469252,5628.72428743797,17313.8698034776,0.918314641491071,0.791220431133929,0.509565551340019,1.37743239654464,0.555841520589358,2.44686466582541,0.957347813160714,559.651785591904,1544.39053529948,1551.0001869545,4343.04149028399,14580.3543919928,0.923372310074016,0.802138830053571,0.531710473071429,1.38501073735714,0.576647343142857,2.31208036832915,0.960053704017857,666.184262866399,1755.76874825905,1764.06306677525,4955.39284405563,16707.7387808293,0.920613430541925,0.805616319626579,0.537991166885347,1.38087805835825,0.585138402482212,2.13479880760744,0.958596970721128,676.311341484267,1531.90506422364,1553.25463379858,4769.34199917046,16941.198748737,0.920744055835686,0.830104478889011,0.553285014552848,1.38107605865306,0.601467394795436,1.72068454979994,0.958687768373677,626.897766771058,1536.33979288971,1548.02849239267,4265.6736304305,16528.6452162738,0.92461118844419,0.825371647323932,0.581942680522808,1.38687630574739,0.630042848174937,1.85437960309692,0.960743078991429,735.417581775927,1597.52890404549,1612.7477310393,4661.5858932629,17286.1627781175,0.915874581545235,0.826137449554839,0.567351048490172,1.37377243168365,0.620042674723343,1.73740582964435,0.955986578748383,1058.03095572273,2008.95138840607,2039.10644980271,5505.18859094351,17002.750659764,0.880612579117482,0.785449741848483,0.505242301360329,1.32088053176842,0.573717497313007,1.95582826943657,0.936305555669297,1626.87696460242,2352.7427441336,2563.04772734587,6387.20957987069,16356.1348836145,0.817869521334717,0.750768703343173,0.442017817004034,1.22676790526819,0.539005322832728,1.66243764383121,0.898840666292469,2391.78487807695,2697.65862010568,3057.52642133338,6131.15928090848,11176.2057117486,0.650417465830074,0.616463810622217,0.29863051024658,0.975588766764011,0.456319862615151,1.51634436880002,0.785788617210025
G74,Populations,63.6582675893766,2841.42683739333,640.571428571429,1727.05695010742,1744.63413839375,4631.25329894435,12497.2159797604,0.907048889986506,0.767864204339286,0.469804354526786,1.36052020956436,0.519239003625,2.95386919219616,0.951167708958398,707.513392857143,1919.16850285127,1929.68396611413,5263.83042168906,15865.0989421709,0.918314641491071,0.791220431133929,0.509565551327997,1.37743239654464,0.555841520584808,2.56061528429091,0.957347813160714,559.651785482169,1487.98893669174,1517.94364212557,4059.16992628547,13123.4951240889,0.923372310071776,0.802138830053571,0.531710473071429,1.38501073735714,0.576647343142857,2.45079170902767,0.960053704017857,665.197257255467,1755.47878747485,1760.15705284011,4938.22860870222,16109.3147423954,0.920191718658871,0.804772552582242,0.536592669966285,1.38024582337618,0.582724686044021,2.22774156078497,0.958386390505239,679.271384030109,1551.35003852244,1563.50656236122,4835.01228609132,16437.8121702,0.919870286941029,0.827141179703921,0.548040514283703,1.37976280940576,0.595755761063833,1.77904019530085,0.958239652484769,630.373625345031,1539.84000910449,1549.5200189947,4269.39737611612,16284.0240711405,0.923645812739669,0.823317068964461,0.578447111260411,1.38542633256805,0.626725753820163,1.87916096222273,0.960254937228821,746.196539987019,1617.66777700364,1626.35662393648,4736.30868879837,17173.8480410185,0.914102663928351,0.823616050521051,0.562083736667505,1.3711152416707,0.615302565267968,1.75236993982925,0.955059334939733,1082.48535488723,2064.85326694019,2075.94198140175,5638.79092665523,17291.9683630942,0.878242466233545,0.779554123903924,0.496378527125933,1.31732633059098,0.566161621612603,2.00847495013959,0.934945789145234,1585.28091605406,2324.48624013054,2483.12808220079,6391.80257957816,16699.1890690339,0.827519113331656,0.75984183392119,0.4534423316871,1.24124610980326,0.546467373571393,1.67094395973667,0.905069596758947,2039.19348229181,2453.567174215,2817.06344667017,5766.82104115184,11678.8827989067,0.705252092045215,0.657561080278422,0.348079552070452,1.05783530651309,0.491509112701064,1.57187925380412,0.82548597400092
G75,Populations,61.3583062021517,4013.45536297633,640.571428571429,1712.66773172348,1734.61495061271,4689.71955508025,12935.6734880048,0.907359406548846,0.767864204339286,0.469804354526786,1.36098803387966,0.519239003625,2.8521163106754,0.95132858952648,707.513392857143,1887.62071046213,1909.18620634269,5248.13788891294,16256.5883360667,0.918314641491071,0.791220431133929,0.509565551336738,1.37743239654464,0.555841520588758,2.41098538675532,0.957347813160714,559.651785790793,1522.24915363375,1538.14407766325,4239.43765455671,13890.3365811963,0.923372310023866,0.802138830053571,0.531710473071429,1.38501073735714,0.576647343142857,2.18473977958471,0.960053704017857,656.309978865325,1657.77604177775,1691.2227122885,4629.55587744284,15737.4412942677,0.920758389735207,0.805965647047733,0.538236300976607,1.38109442190745,0.585824510929648,2.07525707232735,0.958673776478509,667.437401666734,1471.58960442553,1510.19221212584,4560.72969135135,16023.1048755166,0.92038143632754,0.829598603682222,0.552295534505734,1.38053137754144,0.601115301664876,1.69500917291366,0.958501648349102,628.873003146211,1537.00055315825,1548.74916598567,4243.93481923579,16229.0891158365,0.923531721796762,0.823425085212515,0.579481049150915,1.38525593482421,0.628574682669259,1.85959703688952,0.96019515056769,749.58571858818,1622.39982856305,1632.113561902,4698.89020279473,17090.747981979,0.913298739245229,0.822888257978845,0.562820761364486,1.36990763457794,0.617170549120869,1.74757158759691,0.95463192835775,1082.94938562766,1990.9532371503,2026.41719116544,5430.87032280571,16398.3652633253,0.874456119471473,0.782091709829088,0.502596767793565,1.31164460998801,0.575537089896593,1.90101421151121,0.93284084999952,1565.6508957543,2211.79511949786,2418.88710772127,6072.61222918799,15788.9730824411,0.817361382118625,0.755405009812557,0.4472039621366,1.22600693958331,0.545753532280869,1.62331044610288,0.89903316831848,2338.8060712221,2582.75637517492,2963.39736611045,5795.67221734091,10713.6988975686,0.637646593790915,0.608708310254076,0.295830425293479,0.956432088805637,0.461407890363523,1.48990533375228,0.777348187772256
G76,Populations,60.4366193459929,3104.08008545193,640.571428571429,1778.11269041552,1764.32342283324,4926.75830865089,13272.9875205511,0.907514681817076,0.767864204339286,0.469804354526786,1.36122208160923,0.519239003625,3.24524342343586,0.951409673575286,707.513392857143,2035.22209157284,2017.36219818384,5748.68346721293,16959.481873582,0.918314641491071,0.791220431133929,0.509565551331817,1.37743239654464,0.555841520585345,2.6887487168269,0.957347813160714,559.651785822333,1554.34182935118,1556.20267159119,4332.38853165079,13955.0887590902,0.923372310021617,0.802138830053571,0.531710473071429,1.38501073735714,0.576647343142857,2.32077396200364,0.960053704017857,663.616989598387,1745.33396993963,1755.69171923822,4877.1861035094,16335.0200753181,0.920460512503252,0.805244314505986,0.537648538596225,1.3806488058607,0.584758635736543,2.154253544869,0.958525537978404,679.852598544082,1579.23366552293,1589.46738141517,4837.6616569843,16710.887444136,0.919954071827177,0.8266529284507,0.549784311782477,1.37988837431406,0.598296842960849,1.78307658070433,0.958286657730251,633.015605039202,1574.36229018443,1580.10706992051,4307.52155876397,16353.4783173622,0.923190804511149,0.821372645345313,0.577877141354566,1.38474395124141,0.626689477384238,1.90505092779025,0.960027944699158,747.095782238845,1658.76541478613,1661.00214735324,4745.33941998891,17236.3813973777,0.913874312785725,0.821138272959107,0.562438872932908,1.37077147972965,0.616333479570229,1.79483123541352,0.954950168707999,1095.83923739646,2088.76755715438,2100.27238466277,5608.12994888834,17108.0349150656,0.876027719753763,0.777014951653742,0.498046508276998,1.31400371013846,0.569252559759123,2.0355960662907,0.933759057619152,1532.65953464167,2260.41031038507,2452.71448917516,6162.05034646184,16221.1752442315,0.82632555699495,0.757885189185348,0.454779397772317,1.23945633770807,0.549835922393462,1.6752726945815,0.904296924069601,2066.46708639566,2390.48966019313,2744.65117168998,5543.90660258496,11036.1903053185,0.684033841742392,0.644221547152738,0.336666799729892,1.02600689890898,0.490634753098798,1.5338927025098,0.810569352585308
G77,Populations,56.4969754119386,2951.72995220289,640.571428571429,1669.93435487949,1716.51836939295,4458.10613184116,12583.3262108059,0.907411671297173,0.767864204339286,0.469804354526786,1.36106679021346,0.519239003625,2.89280108047654,0.951358337187176,707.513392857143,1824.41252258922,1862.18087335908,4950.76449973077,15712.2834229891,0.918314641491071,0.791220431133929,0.509565551337383,1.37743239654464,0.555841520589408,2.39235189428764,0.957347813160714,559.651785639875,1466.68071672806,1508.21020504006,4007.86513244413,13099.1392096405,0.923372310046013,0.802138830053571,0.531710473071429,1.38501073735714,0.576647343142857,2.18949347668121,0.960053704017857,662.416369273487,1691.21472524826,1718.04020564733,4670.73764348338,15490.1814513507,0.919740328958747,0.80491964919954,0.537132370960691,1.37956779093989,0.584157962849342,2.15133030487542,0.958160988879501,674.182303333057,1499.04801320474,1529.85958277812,4574.39845508723,15680.2358780722,0.919502469124578,0.827087379035798,0.549792366419228,1.37920973814219,0.598591046248142,1.75064785918147,0.958051141041625,630.741976532984,1530.46152566633,1543.23231746206,4188.77189923876,15747.4341695166,0.922473430571186,0.821366565275832,0.57655033103927,1.38366828401698,0.625530919348082,1.89835141310791,0.959655218751464,744.499019427745,1613.77625497617,1625.09040957862,4632.05410699204,16442.8160951181,0.912619089876512,0.820415662701649,0.558426396249229,1.36888915916506,0.612142312121651,1.79392322713511,0.954285403432827,1132.16203395702,2059.28501677682,2085.41433682164,5511.98937709775,15832.7052439226,0.864461209770576,0.770136603736883,0.485107092244596,1.29665683940197,0.562663939145711,1.98444553108602,0.927042023179121,1802.6891978226,2470.99150811111,2799.54693722945,6506.41003494209,15955.1090884483,0.790510041386753,0.729056697066811,0.415777894904465,1.18572668477012,0.527131249383503,1.61075751746821,0.882284163537933,2255.06500076968,2567.3388744083,2933.0209473054,5801.27462595133,10857.0437321767,0.656812369444998,0.619199273824112,0.308614227623574,0.985183331201806,0.467819685200186,1.49745081929406,0.791028942578605
G78,Populations,60.3894853450598,3724.94790439833,640.571428571429,1748.27549184928,1749.65347800566,4799.65731883719,13404.4368480396,0.907578448902653,0.767864204339286,0.469804354526786,1.36131816840529,0.519239003625,3.0668774692271,0.951440803272182,707.513392857143,1963.52717198499,1960.20997335667,5467.2292254931,16798.9928800573,0.918314641491071,0.791220431133929,0.509565551336601,1.37743239654464,0.555841520587844,2.54552520999183,0.957347813160714,559.651785620948,1512.74410765127,1530.62182334088,4188.74102605693,13726.2122434442,0.923372310056951,0.802138830053571,0.531710473071429,1.38501073735714,0.576647343142857,2.31118853403674,0.960053704017857,661.228244077776,1745.08837112907,1753.64562926927,4887.98147126575,16165.2649180699,0.920601767542809,0.805090592224884,0.537151946340689,1.38085995531335,0.583604678300245,2.18514413228606,0.958599023130439,669.681627995299,1534.25970563232,1554.8824274603,4740.73885001696,16284.7981053181,0.920857436809471,0.827718665427669,0.549388718984544,1.38124602574282,0.596925138400948,1.78225800926992,0.958751002763281,635.4751611855,1581.10270457139,1582.57824664827,4380.19451386105,16382.787785851,0.92341842034418,0.820818489238764,0.57474562216243,1.38508648581879,0.622132225846059,1.93406896971615,0.96014909709461,751.539658137228,1665.45817648687,1663.69786333456,4821.67317393728,17012.7484657525,0.913544076433511,0.819583263559486,0.55620290464401,1.37027662926666,0.609184299712748,1.82493139053609,0.954791779008463,1134.56877261677,2063.86061916405,2082.50797678154,5554.71236280866,15839.295091672,0.865297312650572,0.770193623032963,0.483412698222118,1.29790830493798,0.560928955276434,1.99357565184666,0.92768565763842,2071.82934589057,2771.48810893868,3152.01422671659,6956.72237279521,15854.7863074235,0.761751274507265,0.698569370639182,0.380915667685828,1.1425932181768,0.504497819144531,1.70380345501396,0.864461508741545,2745.71194663516,2960.04687998524,3533.00047049559,6160.10384973045,10921.3148435192,0.589643931734819,0.568745496561309,0.267316894511634,0.884432287287745,0.453234403185132,1.53234141322008,0.741308065076218
G79,Populations,54.6243752454276,2647.65683894359,640.571428571429,1735.80939273103,1748.18030490074,4710.32553926282,12999.095687352,0.907393004515135,0.767864204339286,0.469804354526786,1.36103861724644,0.519239003625,2.92812197421141,0.951348652204728,707.513392857143,1965.40561399095,1968.4317768137,5442.55709337401,16447.737715113,0.918314641491071,0.791220431133929,0.50956555133275,1.37743239654464,0.555841520586822,2.50692947305841,0.957347813160714,559.651785974184,1588.00519893614,1577.77667303537,4432.15059595849,13838.617193995,0.923372309996905,0.802138830053571,0.531710473071429,1.38501073735714,0.576647343142857,2.33030461757546,0.960053704017857,668.664663115819,1731.19862451468,1755.08954783219,4790.34752785619,15691.9799633214,0.919086453436498,0.804437418413593,0.536498936289081,1.3785875708698,0.583340514274494,2.16399400254108,0.95783228321174,684.144796031928,1539.93296848383,1570.00813953744,4672.59216198883,15562.4259317012,0.918275746224587,0.8244514311802,0.54594063475826,1.37736852903614,0.594960928285924,1.77936622170177,0.957413401297907,646.270533215539,1573.20596272657,1581.60820378439,4280.02408287261,15232.2847444991,0.919545547101519,0.816176265296222,0.568293588553384,1.37927418374338,0.617367312239198,1.94490618327694,0.958144261290763,771.558548553351,1641.05509380196,1655.37501861148,4643.39468318162,15270.0291859809,0.905344574629751,0.812984813364303,0.545088551567066,1.35797235803647,0.601676489499916,1.81714292789656,0.950409563066177,1252.38659458301,2094.50492944687,2130.85290241349,5524.50586335113,14309.2753983565,0.835165583264478,0.752574944776075,0.460512359901242,1.2527150916322,0.550672229157917,1.94328521640569,0.90960098937324,1880.46100491037,2365.89749502647,2714.71164320195,6232.91431151346,14506.4889153408,0.753629197859805,0.707887032508016,0.381083305931074,1.13040706420056,0.507368191488823,1.50480179929512,0.859231488498382,2505.69340726181,2757.13798857732,3130.06540824662,6074.33156039279,10321.6322198798,0.595568118840295,0.571277152242441,0.25720607725915,0.893315768372553,0.428934243444639,1.55973996476823,0.746352948922708
G80,Populations,59.4936229152574,3686.4674836684,640.571428571429,1751.41927495279,1754.60177504395,4855.09379260683,13580.5191070934,0.907602668395166,0.767864204339286,0.469804354526786,1.36135472310242,0.519239003625,2.88346643729378,0.951453183560499,707.513392857143,1902.42891290713,1917.68826176244,5304.12105693031,16838.851614302,0.918314641491071,0.791220431133929,0.509565551341311,1.37743239654464,0.555841520590176,2.41634163292849,0.957347813160714,559.651785783821,1544.16323964626,1550.24927055579,4341.95270881638,14428.741327302,0.923372310041166,0.802138830053571,0.531710473071429,1.38501073735714,0.576647343142857,2.23771768713002,0.960053704017857,657.190045460707,1704.09653994028,1726.75007205555,4759.84622621317,16338.8139144171,0.921189340871942,0.805807734481557,0.538288159546044,1.3817414083938,0.585569777049665,2.13552777664257,0.958891211190132,670.493867083666,1505.7035012537,1534.78922937572,4640.27543734278,16687.6853363351,0.921242486220472,0.830387615809664,0.554502557883981,1.38182402812057,0.602825922840153,1.7225752041803,0.958946646301149,633.732019281606,1578.05470232817,1581.29428441652,4370.377415972,16819.2169436009,0.924687866882392,0.82342709998981,0.5799313206906,1.38698981216335,0.627801536600997,1.88814018438204,0.960794356021865,747.654613280179,1661.47777314829,1663.13721481478,4807.5032952974,17591.7661238906,0.915767132554938,0.822775632909651,0.564122497562374,1.37361204396201,0.616537951984872,1.78455768736456,0.95595354195107,1108.57977806199,2043.60860920357,2065.81539228239,5528.10142450926,16687.0722330619,0.873080406020008,0.779591614065676,0.499075395602484,1.30958364481951,0.572272884762484,1.9485764307344,0.932161647620697,1835.51955183583,2532.01250264996,2837.48169712322,6642.4367302656,16130.7425463311,0.78918737484774,0.726604006242364,0.413068902882165,1.18374458000001,0.526328925935397,1.63813859365698,0.882198409747027,2837.17441326773,3114.39520068557,3531.22963876659,6741.48757387857,11177.9127650226,0.593570286385035,0.564753035071511,0.249783900531803,0.890323422949032,0.424043260297468,1.55407935786909,0.743995062888364
G81,Populations,55.4543772137248,2797.63249478457,640.571428571429,1685.71982765491,1730.72437568234,4510.03424061212,12674.9178317438,0.907371052512518,0.767864204339286,0.469804354526786,1.36100552599703,0.519239003625,2.75073196207087,0.951338389089964,707.513392857143,1819.04872742631,1867.20108721337,4930.59684665286,15662.7108102705,0.918314641491071,0.791220431133929,0.509565551337141,1.37743239654464,0.555841520589578,2.36037228370718,0.957347813160714,559.651785579525,1457.80505417838,1506.02562348349,3934.11908007866,13026.00461895,0.923372310050835,0.802138830053571,0.531710473071429,1.38501073735714,0.576647343142857,2.22126569144281,0.960053704017857,664.477704265796,1705.34229004742,1731.06352732983,4696.67187244649,15599.337796724,0.919528118852128,0.804768812804295,0.537061051534842,1.37925048867851,0.584317080977834,2.14085128025314,0.958058299732194,677.069362054329,1507.49127009658,1541.20109106398,4609.28884216742,15874.2608720167,0.919486711569226,0.827347217660454,0.549897110295136,1.37918574323603,0.599048672737521,1.72631235453604,0.958048280772248,636.257301133943,1525.23576643673,1539.98704179292,4149.28928746685,15750.3612602154,0.922112741965079,0.822086301994462,0.578356797616561,1.38312525400962,0.628519801098542,1.85702957754588,0.959479127761546,753.690379175144,1607.70363549507,1622.19078242697,4589.24191508881,16406.4075411685,0.911517437186069,0.820986798392512,0.559766990842613,1.36723596019784,0.615220981114944,1.74817244664769,0.95371980197502,1135.86787655389,2067.85599422939,2094.74711255503,5542.43485263199,15809.0652325081,0.863534349993763,0.768576280827193,0.482919257441252,1.29526517471356,0.56118451698498,2.00507536054031,0.92671728422866,1826.22607924577,2417.53647536479,2761.85776218873,6386.79148592323,15617.1244742945,0.782981326276638,0.730000353111978,0.414413648751544,1.17443778642255,0.532466361061433,1.53103349391641,0.878503428933226,2457.47150456944,2700.82432517003,3143.58948520395,5983.85523615332,11092.5261393034,0.634636861866922,0.609359295599111,0.299843361503528,0.951920719428797,0.471001973942401,1.4880301477723,0.776799069367685
G82,Populations,59.0804242556135,4013.42643485001,640.571428571429,1738.15865429217,1746.41325213644,4884.24165889203,13638.9367562262,0.907734467284096,0.767864204339286,0.469804354526786,1.36155325598789,0.519239003625,2.89769203810769,0.951518279887467,707.513392857143,1926.77931461013,1936.97310867958,5494.18911965221,17044.9329301746,0.918314641491071,0.791220431133929,0.509565551341311,1.37743239654464,0.555841520589842,2.4172537393,0.957347813160714,559.651785734657,1546.66065304868,1551.43967968164,4394.07197732883,14634.9881143903,0.923372310047245,0.802138830053571,0.531710473071429,1.38501073735714,0.576647343142857,2.22146371810093,0.960053704017857,657.423804026336,1730.53648394872,1742.8779650036,4876.41950090464,16533.6841913885,0.921293331013002,0.805795969702201,0.538185892457836,1.38189795735772,0.585405789888976,2.12821649828674,0.958944065623336,666.468067706214,1514.01381448395,1539.80991765593,4713.87863510629,16807.9789880741,0.921583405653946,0.830455525627765,0.553983630195382,1.38233507460951,0.602085915177302,1.71506114687396,0.95912226006965,626.426080930977,1538.41680332398,1549.43740121467,4268.40935877059,16548.3777504676,0.925071152193988,0.825291665104789,0.58208760721434,1.38756589823027,0.630432806431418,1.84746811029758,0.960990937611096,736.418492544577,1602.88880888157,1616.67060947713,4638.98568065263,17161.9074362909,0.916021967796414,0.824999090322691,0.567092159100467,1.37399542306995,0.619864391755922,1.73817599290191,0.956086237157196,1070.56743907723,2000.88965942178,2038.05348658205,5424.93833901923,16051.6585558682,0.874892761194162,0.779084495490284,0.498310910621823,1.31229992905203,0.570796220042092,1.95272046356271,0.933231884953266,1785.91090585744,2401.97477840826,2767.27219590829,6352.59367040659,15589.3434911143,0.786450887832596,0.728204043882385,0.414554154851366,1.17964246186136,0.530318805292841,1.58211303763479,0.880385711929402,2474.14681200439,2678.14315932821,3306.7894871421,5850.59376347605,10506.12419676,0.610699350737531,0.585531482397124,0.272754932931228,0.916013012833499,0.451628708273957,1.51040131939306,0.75844020081753
G83,Populations,58.1587373994547,3144.28067082906,640.571428571429,1745.03038555713,1748.12260469057,4901.20665114244,13982.1732615989,0.907790867633069,0.767864204339286,0.469804354526786,1.36163830734783,0.519239003625,2.87116941357817,0.951546017168702,707.513392857143,1944.9370759185,1947.73170738512,5496.92117992509,17502.1764031083,0.918314641491071,0.791220431133929,0.509565551346788,1.37743239654464,0.555841520592528,2.38386730235823,0.957347813160714,559.651785643027,1522.36839389861,1537.13403838522,4256.85259114854,14555.0789795073,0.923372310061446,0.802138830053571,0.531710473071429,1.38501073735714,0.576647343142857,2.22544014491972,0.960053704017857,660.372856287525,1753.19634870863,1760.55920611484,4913.5586599388,16841.5085609941,0.921390977198688,0.805931057883247,0.538686487304193,1.38204409064132,0.586345602096058,2.11843557502888,0.958993204566093,669.926530550192,1555.82365942194,1570.56879582156,4824.69826170201,17279.4783600806,0.921840938260155,0.830009828115023,0.554168636323024,1.38272259256527,0.602220365818126,1.74000848881836,0.95925334577341,630.190960596757,1584.38602097152,1586.63244607643,4397.52298642746,16974.2944786853,0.92504194861269,0.824517971678049,0.58168804761494,1.38752255138141,0.629815749230041,1.8775092591818,0.960976686882621,739.189792965508,1669.16085525235,1667.9241869526,4830.72096197147,17805.7547152025,0.916733536820238,0.824000376419576,0.566224472386096,1.37506007329847,0.618706013480229,1.78279769120867,0.956459135257484,1060.30775800447,2075.79755143385,2094.18119177224,5604.81032591867,17603.3785899399,0.883826018487939,0.78333903665505,0.507449079990537,1.32570001476823,0.575173268667421,2.01891480638898,0.938282929540216,1740.17785514575,2503.6082571753,2824.34708342051,6665.52265447867,17129.1939456313,0.816555218103121,0.750075608554838,0.447355853697339,1.22480313970861,0.551278793595043,1.63318886085701,0.899356147033305,2138.47956182518,2432.78561139564,2884.57883123703,5666.8712150366,11488.4135566295,0.686866811695742,0.654063993756557,0.348804543430243,1.03026675917097,0.511456501995611,1.47486314246227,0.814646784689674
G84,Populations,56.8995914085306,3517.89417708813,640.571428571429,1670.05891911361,1714.31711108349,4581.05177381852,13454.3139094694,0.907744611040408,0.767864204339286,0.469804354526786,1.36156843323987,0.519239003625,2.78384702683837,0.951523542127039,707.513392857143,1821.75088033954,1855.93549861803,5049.92653557925,16579.2195787972,0.918314641491071,0.791220431133929,0.509565551347224,1.37743239654464,0.555841520593217,2.32112309990852,0.957347813160714,559.651785517022,1462.50489622417,1503.05599133191,4038.77791753997,13731.3604547663,0.923372310072424,0.802138830053571,0.531710473071429,1.38501073735714,0.576647343142857,2.20308500307756,0.960053704017857,660.019616776601,1707.22958801485,1727.11779709006,4792.67685943357,16312.1430227145,0.920845120520237,0.805879272645566,0.538220420434102,1.38122545546907,0.585623091874642,2.11052468631795,0.9587209094048,671.487360063356,1511.23035718287,1535.9988688537,4674.61371333911,16571.0512700559,0.920966452955932,0.829909147313344,0.552944461811585,1.38140972731049,0.601182941295474,1.72708956373958,0.958807940467236,636.497022680068,1562.9820808047,1568.92560233747,4360.52350648253,16864.2323441332,0.924384916417821,0.825535219128776,0.581961118907715,1.38653549996595,0.630506283295644,1.84733275212707,0.960644734344888,746.589380017913,1619.53503495437,1629.03646233604,4729.24014168473,17359.6540419602,0.915036606886777,0.825352576544867,0.56589787615246,1.37251525290994,0.619042458113906,1.74065819165619,0.955580529425818,1092.13549964434,2054.47967845938,2080.35082441268,5535.99069433716,16293.7545032256,0.872855938923221,0.775218180990881,0.492105632989849,1.30924277723272,0.5652080361933,2.02775015342293,0.932104300163177,2159.73499332738,2778.11764317521,3248.13679290925,7117.50206122076,16496.0086599667,0.767271270574679,0.714563842064846,0.397199753180782,1.15087532736445,0.520556712224024,1.54977570549514,0.86818595864921,2493.28920103675,2753.08024596085,3261.91036039056,5942.81541294949,10921.6524157744,0.62637947176683,0.59743253113606,0.289501251459335,0.93953665289431,0.463643773876852,1.48216954811553,0.771308985221442
G85,Populations,59.8483308432277,3072.26425380577,640.571428571429,1777.57683471019,1780.62534530266,4832.96756795239,13087.0125154636,0.907368345065591,0.767864204339286,0.469804354526786,1.36100148567684,0.519239003625,2.9821286755657,0.951334058634671,707.513392857143,2017.25151354796,2038.39231372559,5525.22750481631,16286.1944006789,0.918314641491071,0.791220431133929,0.509565551328409,1.37743239654464,0.555841520584903,2.5771934549985,0.957347813160714,559.651785857862,1590.6410557812,1587.65251626893,4384.48531475834,13361.9486495574,0.923372310011154,0.802138830053571,0.531710473071429,1.38501073735714,0.576647343142857,2.35698584212399,0.960053704017857,681.509938406617,1854.50098620655,1873.30303202894,5109.11094432739,15773.1622497947,0.917909081809241,0.803155030399135,0.535325774225648,1.37681930794121,0.581370189261741,2.2060758061653,0.957212937864729,697.594259221335,1646.33259549202,1676.40170883648,4980.24712933067,15977.3807788383,0.917856639557768,0.821701979528897,0.543933385847827,1.37673964712742,0.592670343988311,1.78627082093231,0.957173258056712,672.504454637687,1643.82719567157,1660.44841772773,4441.54480968114,15732.2420569138,0.917680092233898,0.813769578507911,0.566272616400518,1.37647716965585,0.618426353010868,1.90104859453138,0.957111390310402,790.372436186904,1715.77784254364,1739.63204008573,4854.72193170866,16316.9775006344,0.907208613851605,0.813093419862842,0.547091807792392,1.36077247196008,0.604928065394126,1.78240032839894,0.951351935092515,1134.57837675074,2126.96321591183,2158.71473801566,5628.10798479162,16070.0926248169,0.867013297365926,0.764143658818772,0.476711006264204,1.3004851470516,0.555236506241376,2.03129339739521,0.928602975402528,1927.93663151194,2702.86978577214,3104.91490676357,7052.49713192644,16811.8365342669,0.794623298244567,0.724744076018333,0.406678617322247,1.19190208960871,0.517217075781084,1.66202020090721,0.885409978771187,2226.74985615966,2595.21910415218,2995.3672954401,5902.76410156681,11245.9770168023,0.664030230169971,0.62298691800164,0.309047060515098,0.996006873753602,0.466481533142368,1.5908355846848,0.796917251386346
G86,Populations,58.9349220206611,3233.30019323055,640.571428571429,1810.53957733656,1797.25971097814,4892.51482899362,13024.3456325082,0.907202055316863,0.767864204339286,0.469804354526786,1.36075097740795,0.519239003625,2.80152969616226,0.951247900269475,707.513392857143,2032.78554621438,2035.44727626642,5439.1838597634,15968.5429575786,0.918314641491071,0.791220431133929,0.509565551322409,1.37743239654464,0.555841520585997,2.40696998398112,0.957347813160714,559.651786046015,1578.40283637534,1577.21223715599,4234.23544659901,12917.1956988061,0.923372309936753,0.802138830053571,0.531710473071429,1.38501073735714,0.576647343142857,2.32362696834203,0.960053704017857,709.858505389546,1916.34352514886,1892.69947194923,5181.29839502639,15559.9993209501,0.913630318629266,0.801330490162565,0.533570689867983,1.37040483569869,0.580412917280219,2.22787075402425,0.954866175788795,720.726559739803,1717.84007450294,1708.16157787031,5105.11830004299,15753.4215782752,0.914106596418083,0.816322315080923,0.537475590896241,1.3711068924837,0.587921939875717,1.86016188361971,0.955131205016865,690.530509302929,1698.23687605181,1686.69207242856,4569.51441473068,15563.447003826,0.913378551536484,0.808272397172899,0.559993478125024,1.37002385016028,0.612436221929505,2.00247041691801,0.954751467217522,821.966047497611,1805.43660786392,1784.33587000074,5058.27337823063,16204.9860056014,0.901301882457071,0.80606378778203,0.538243564094378,1.35191249134861,0.597891111864216,1.87672207715031,0.948083184094117,1230.81993509766,2249.0064418459,2235.49215697114,5844.11649231803,16122.1069831542,0.851524650818206,0.751898780340875,0.461691279291725,1.27725650773251,0.545301598418132,2.155504498118,0.919424908974492,2023.25630651051,2797.22057237293,3046.38634437165,7134.87136470398,16566.0947990822,0.782236567744593,0.710384286411379,0.392639513538397,1.17332130214314,0.506806236471549,1.79774816936407,0.877556569024224,2491.35970253105,2847.48897675999,3208.37077068329,6367.18053250609,11294.8838100917,0.633369725657302,0.595993965311298,0.278115751731339,0.950018717155334,0.441320608248671,1.64422326978447,0.775442592991803
G87,Populations,65.3067277128899,3499.8984024907,640.571428571429,1728.57986303443,1740.97333464029,4782.35568478484,13664.4659801137,0.90774663530594,0.767864204339286,0.469804354526786,1.36157164708756,0.519239003625,2.99533036706972,0.951524759815917,707.513392857143,1887.44418378548,1910.47823969263,5283.35757342884,17122.8338410816,0.918314641491071,0.791220431133929,0.509565551347229,1.37743239654464,0.555841520592491,2.41202747175825,0.957347813160714,559.651785544054,1506.74659839653,1533.22872070405,4246.72885181272,14789.6437063519,0.923372310084085,0.802138830053571,0.531710473071429,1.38501073735714,0.576647343142857,2.22074906408778,0.960053704017857,652.425171781822,1676.23600916855,1719.85237691639,4769.64657383334,16825.9927734555,0.922425787223441,0.807037239290975,0.539712889003766,1.38359676548199,0.587700135631058,2.0517093140507,0.959513393656478,662.252729847432,1499.50455987733,1541.630989671,4734.88906676959,17524.8387794371,0.923186074196006,0.83346478545762,0.558013617346832,1.38474399762011,0.605581241362572,1.68679854464355,0.959933676074976,615.420424499036,1537.85964923361,1559.84698068442,4299.96162496404,17056.4534475516,0.927947271101355,0.829373466946901,0.587794222169635,1.39188038383468,0.633713375367411,1.83266234101317,0.962453756988619,710.982066508586,1607.2101450356,1631.65681955782,4711.87435882974,18156.0750919982,0.922265468283196,0.83123830265121,0.57698029738212,1.38336045430203,0.625716335650806,1.72610939910291,0.959335064525045,995.270348041248,1936.04356404972,2013.0585674217,5375.57322479104,17500.6313361533,0.892290082859374,0.799656443050665,0.528885208524795,1.33839375994087,0.590693381198312,1.86790263574637,0.94281845171733,1588.57087437221,2419.05992753124,2586.60963940404,6497.01720433013,17001.1183647018,0.830218952848443,0.753779121647208,0.452313408902119,1.245292368615,0.54441650849772,1.74053287538036,0.906531397604803,2458.8622114108,2805.18875667641,3266.91324556402,6471.71329703072,11645.7424415123,0.648494558792823,0.60997209096917,0.286343090566511,0.972706879704847,0.44658367277508,1.56402613444295,0.786175523243314
G88,Populations,58.0404703122113,2761.80138457829,640.571428571429,1701.87678483336,1724.88658951831,4733.83331348933,13688.154693791,0.907759116032683,0.767864204339286,0.469804354526786,1.36159042851032,0.519239003625,2.86085029398966,0.951530727847134,707.513392857143,1875.19124650206,1892.52704724561,5262.65414438873,16964.9247846094,0.918314641491071,0.791220431133929,0.509565551346754,1.37743239654464,0.555841520592365,2.39273587551028,0.957347813160714,559.651785564966,1494.16352087931,1519.28754115574,4174.85301884416,14345.0176394259,0.923372310071619,0.802138830053571,0.531710473071429,1.38501073735714,0.576647343142857,2.23393332846023,0.960053704017857,662.091961820803,1719.92864388961,1733.39405378486,4825.96660019621,16588.7752165919,0.921027029643787,0.806110857889352,0.53871437909245,1.38149856024866,0.58640412798794,2.116212620898,0.958817317261001,675.810978768013,1523.02281823842,1547.84072595796,4740.15146311435,17089.4642107654,0.921220594187248,0.831206064312325,0.555252556201496,1.38179155697992,0.603913010162391,1.69690937197713,0.958936589332089,631.413387683769,1544.53160531097,1552.07105702032,4296.31884126565,16924.1596281484,0.925207438064744,0.827641943426286,0.585880202590713,1.38777059516557,0.634277834112521,1.82665377919779,0.961067048964099,741.414000027951,1619.53901950132,1625.43873509939,4709.46231133499,17812.5586893759,0.917098374163854,0.828082098751183,0.572119687699042,1.37560900640118,0.62455234602445,1.72398756186365,0.95665540750219,1060.1358052742,2013.02450626587,2037.69797134512,5472.47717479273,17220.978768603,0.881451977341767,0.786602213017479,0.511651025756634,1.32213690578351,0.57986587789953,1.94870590307879,0.936852662976568,1683.45763159646,2371.12075650893,2590.30412100967,6331.58262726461,16378.5575719559,0.810560172218507,0.749739814613296,0.447455900142691,1.21580839806989,0.55098243449516,1.61758083819106,0.894975937222991,2305.89326262307,2545.95576794985,2916.69815541372,5728.81141967521,11359.3054293631,0.664238198833492,0.634745498821871,0.332481327325519,0.996323698879473,0.498631594140904,1.4401609549517,0.796704222255693
G89,Populations,57.6457704394047,3086.58609964132,640.571428571429,1773.10977696395,1760.19647068071,4983.59312345979,13761.7890535607,0.907697021281919,0.767864204339286,0.469804354526786,1.36149681291997,0.519239003625,3.03127744624986,0.951500246105835,707.513392857143,1962.29620195914,1959.3212444675,5596.65659359303,17297.3392024994,0.918314641491071,0.791220431133929,0.509565551342348,1.37743239654464,0.555841520589775,2.49550460785824,0.957347813160714,559.651785652524,1534.61020508046,1542.24478107576,4348.66638577593,14726.1958086402,0.923372310063369,0.802138830053571,0.531710473071429,1.38501073735714,0.576647343142857,2.25313412281746,0.960053704017857,659.880237661201,1751.3444703154,1756.5678301936,4920.14756913357,16711.4458431618,0.921461210853519,0.8057978427538,0.538340297440428,1.38214961980354,0.585466866117708,2.17382573614984,0.959034921807001,676.919176160771,1563.97456400951,1575.29941852168,4834.79791181508,17051.6193011937,0.920959447955266,0.829015318995614,0.55278030860892,1.3813991105973,0.60109700569394,1.74880647395846,0.95880406272598,631.187104115623,1561.33169655038,1567.43743765179,4305.17122848437,16513.1943209019,0.924176240194336,0.8241701137238,0.581210955557893,1.38622371993669,0.62935691818631,1.87687394283489,0.96054108563746,745.187060478447,1641.84865674271,1644.80863391845,4735.89977077881,17341.8000573403,0.915092802056844,0.823900523980006,0.565721332032347,1.37260019335147,0.618352085842811,1.77014838686915,0.955610506422019,1079.34240030655,2045.1681618791,2063.81826417893,5522.17175345554,16774.2135122945,0.877090403257411,0.779347677160414,0.50053760976566,1.31559922495195,0.57110222935571,1.9983775546441,0.934441687342684,1556.38654226162,2254.49892958653,2493.10887281663,6088.29005734366,15873.8662217655,0.816989470249931,0.75020212714696,0.445120760363051,1.22545185550813,0.546273320775802,1.66191007189132,0.898843628589293,2191.71679149001,2490.41838850831,2931.24540090033,5560.69352959041,10907.7404922478,0.659480838301326,0.624277020622751,0.321495310865227,0.989183989823268,0.48727857196174,1.50545812378788,0.793788317076015
G90,Populations,60.7448304979411,3368.45141641362,640.571428571429,1745.04511470449,1750.93319525748,4771.13169671027,12910.6996887726,0.907420929896024,0.767864204339286,0.469804354526786,1.36108073731929,0.519239003625,3.09043173641077,0.951363785423511,707.513392857143,1930.38346417914,1939.87619726637,5409.43879088387,16434.9850923292,0.918314641491071,0.791220431133929,0.50956555133516,1.37743239654464,0.555841520586921,2.55781228421622,0.957347813160714,559.65178574565,1534.87777050153,1544.6716695552,4288.70601175929,13965.5008513894,0.923372310034454,0.802138830053571,0.531710473071429,1.38501073735714,0.576647343142857,2.32459945854466,0.960053704017857,660.075302276971,1727.55663019422,1742.07751754494,4813.2665244087,16062.0882496347,0.920868078752313,0.805245674392001,0.537550607489689,1.38125989706482,0.584288666409285,2.19325227923715,0.958738444365674,675.159725141273,1544.25384296106,1564.64617676386,4775.70333245898,16689.1163242413,0.920884009288769,0.828566327993273,0.551255540683969,1.38128487753091,0.59928638028154,1.75042486718742,0.958764505099182,626.803975737257,1534.33295347595,1545.39339013357,4216.15763279603,16028.5115932274,0.923846882631917,0.822436110609559,0.578068634049301,1.38572823583475,0.62620113424571,1.89772930799998,0.9603695521205,737.586208409426,1608.66433564556,1619.22764202036,4623.89637428703,16673.3876064636,0.914714806907691,0.821830780670971,0.561212017628693,1.37202889212596,0.613872419156689,1.78944238642531,0.955408246093244,1092.00749932932,2010.07984026622,2038.33101112416,5448.75358949218,16074.3418573688,0.872709473495163,0.777848080431744,0.496308607466423,1.30902755164079,0.568815397860321,1.97057117753566,0.931965247905253,1512.71464722036,2085.10751435417,2286.84563135781,5730.92200336732,14943.4887325846,0.809572970925691,0.748943560980094,0.439032518060573,1.2143258260656,0.542481631023049,1.61829203090427,0.89431417016613,2161.50354044133,2412.94807835971,2792.0508250687,5426.64659398324,10463.0327599318,0.652524607222311,0.62170761374525,0.31379755726368,0.978746188214834,0.481004734829402,1.49007105640642,0.788871169258745
G91,Populations,57.2519362210752,3505.9027785876,640.571428571429,1670.99606129133,1714.58724098568,4545.2668784429,13156.3152877637,0.907604659835834,0.767864204339286,0.469804354526786,1.36135766093418,0.519239003625,2.79598344500801,0.951454785793852,707.513392857143,1836.49989022577,1864.98977617238,5137.705090031,16617.796453756,0.918314641491071,0.791220431133929,0.509565551345226,1.37743239654464,0.555841520591624,2.36836141802173,0.957347813160714,559.651785655571,1488.43925731935,1515.61338143465,4149.89881683509,13855.1018124545,0.923372310051062,0.802138830053571,0.531710473071429,1.38501073735714,0.576647343142857,2.21655135964553,0.960053704017857,655.273313492677,1661.31592903272,1689.1743043938,4649.09120111357,16033.8175328841,0.92135398236705,0.806424870295581,0.538836081549933,1.38198868673811,0.586433168598958,2.09471235157437,0.958981469388165,668.092508108529,1483.72540359506,1511.79600439047,4615.8216655085,16542.1780151748,0.921580333192195,0.831659623675071,0.554967054400968,1.38233144812082,0.602957130018699,1.70486906572566,0.959120885593878,621.508569413342,1517.52619045917,1530.99951827205,4210.0838021807,16332.1096710306,0.92557571148685,0.827008995745126,0.584023236537355,1.38832299170052,0.63125028787489,1.85200490590931,0.961257110430246,728.826282524585,1581.64223522666,1597.38420568033,4587.79428285639,16814.302804814,0.916584507064654,0.826358509653819,0.567387486988607,1.37483717290689,0.618795884864099,1.75014941362183,0.956399774256968,1073.49062585744,1990.57633782576,2022.95912304224,5436.099715472,15977.6785880636,0.874410421706669,0.780516662341601,0.49679805050544,1.31157577838671,0.568551473317829,1.95921421489339,0.932928602669859,1678.37488236197,2284.58740992488,2584.37733380565,6139.18638588885,15081.2386413302,0.791061844608789,0.733512567973434,0.415697769625039,1.18654554525165,0.528100220755458,1.60682701768195,0.883167876743841,2451.7862720537,2653.50629211582,3109.02549615081,5815.50888661155,10603.4130855091,0.619581507194693,0.59612840973531,0.28451533075656,0.929335216501346,0.463102354526589,1.47117907535516,0.765615983610045
G92,Populations,62.6624313595756,3080.29594584844,640.571428571429,1796.5338550859,1774.10742207811,4972.05991098471,13403.5149154395,0.90747796529571,0.767864204339286,0.469804354526786,1.36116669950173,0.519239003625,3.10468268125212,0.951390184411432,707.513392857143,2004.20092108859,1992.76131744798,5592.32147229654,16796.3479707019,0.918314641491071,0.791220431133929,0.509565551333591,1.37743239654464,0.555841520586306,2.62445619552434,0.957347813160714,559.65178586152,1575.55559996649,1565.76790239008,4432.32080670684,14082.2923752418,0.923372310023504,0.802138830053571,0.531710473071429,1.38501073735714,0.576647343142857,2.34683674141641,0.960053704017857,663.255940388258,1773.11373028183,1775.16282231231,4935.74174442207,16183.8033755901,0.920639494109863,0.804768632304919,0.53710428860365,1.38091726251402,0.583542519981134,2.2358471999394,0.958618416428474,679.778287778697,1587.13176336954,1592.9960205116,4871.51513275858,16704.9666201116,0.920615647134732,0.826907866936202,0.549724756450044,1.38088240438212,0.597507041379354,1.79791356559527,0.958627954399782,632.588193196916,1556.48167393639,1564.15082778459,4252.74537740262,16046.2891870481,0.923486212734751,0.821630782014175,0.577623373973067,1.38518855794546,0.625998029502708,1.90620281030119,0.960187680609831,745.82329847006,1638.92393395589,1643.78867811633,4677.13017567239,16766.6947800835,0.913751452402632,0.820939829977298,0.560637058642035,1.37058696410861,0.613963094515908,1.79776944411905,0.954911747371394,1088.38425672241,2027.03648485994,2049.6688991697,5464.95159546681,16543.9357717619,0.875291530279102,0.77936823100477,0.500077497205898,1.31290030576703,0.572630117534026,1.9704133731379,0.933348904912905,1414.32952940181,2092.04414037229,2235.30741294025,5799.97077674232,15634.4460444555,0.832936964416774,0.763041384359573,0.459306413197742,1.24937111937871,0.55184260933251,1.66049052067005,0.908295158169496,1947.84639678765,2282.2169565041,2591.2956367282,5314.8893276784,10904.1158067751,0.691106009074345,0.651801395995691,0.342070762028287,1.03660986633488,0.495364384068939,1.50404552753574,0.816041888505539
G93,Populations,60.3637750062017,3389.13330499563,640.571428571429,1756.55482902064,1754.78621191522,4902.85790588002,13683.1219994978,0.90766238755279,0.767864204339286,0.469804354526786,1.36144465362518,0.519239003625,3.01688279071562,0.951483105463815,707.513392857143,1927.45563104561,1935.98858982736,5423.37797955316,17095.8468904591,0.918314641491071,0.791220431133929,0.509565551342506,1.37743239654464,0.555841520590388,2.44782992904682,0.957347813160714,559.651785718176,1525.1612970557,1539.07266190971,4262.57107293471,14245.2166041178,0.923372310049958,0.802138830053571,0.531710473071429,1.38501073735714,0.576647343142857,2.23207822505229,0.960053704017857,659.974331783666,1698.97561547121,1721.57679086815,4747.54949132423,16163.2043364829,0.921041226351716,0.805899181318243,0.538374140111245,1.38151916409757,0.585782710784541,2.12029559786396,0.958819514844437,673.523745886607,1526.472654998,1548.47140439687,4721.18877324312,16586.1337966009,0.921157648575449,0.829572132339068,0.552712105359125,1.38169621227438,0.600571555656185,1.74498648830098,0.958905074505082,623.128725794263,1530.93684734189,1543.22567513658,4235.19686718117,16188.711912876,0.925022315330928,0.824252702852413,0.580209808967408,1.38749162484317,0.627796817257129,1.87849016271883,0.960970525197419,727.056469605687,1591.35892202997,1607.69655033224,4618.61777954447,16840.5789377156,0.916421398973503,0.824981066125908,0.565060047306787,1.37459203411085,0.616918131012467,1.76257479684981,0.956307623742537,1059.24872372315,1976.84736108813,2014.64934608249,5428.43545573702,16440.4511478999,0.878325962133592,0.784567175054394,0.502281776527536,1.31744916512208,0.572395767263041,1.93525747722289,0.93508055059401,1581.81886896423,2193.6464727184,2441.0380361694,6028.87503356364,15542.8338032616,0.80963336350179,0.750632084703781,0.438447553042216,1.21441687464752,0.542660500734342,1.5664043332521,0.894357591240849,2113.82445640629,2364.24153873186,2709.38542067461,5457.12393670411,10620.1946655762,0.663819315013951,0.634006814599778,0.31648948071778,0.995690497187106,0.474732611587009,1.44875023112985,0.796994871873112
G94,Populations,57.7830411618992,3286.0747574357,640.571428571429,1710.06385405226,1736.23913911649,4786.12079730888,13995.0638654164,0.90780492294202,0.767864204339286,0.469804354526786,1.36165938567304,0.519239003625,2.77001177867015,0.951552781250532,707.513392857143,1930.72290280053,1951.31049736617,5522.29177712376,17621.4661350438,0.918314641491071,0.791220431133929,0.509565551346282,1.37743239654464,0.555841520592125,2.3651993628843,0.957347813160714,559.651785792343,1561.78694392963,1565.54869670436,4489.65339180704,15081.2996714745,0.923372310050368,0.802138830053571,0.531710473071429,1.38501073735714,0.576647343142857,2.21053454660718,0.960053704017857,659.834706986709,1730.759243046,1766.76218489257,4907.49512192953,16687.3165635162,0.921586377002201,0.805860702046191,0.538341540299953,1.38233691425868,0.585745160340585,2.09692674263545,0.959090677182828,671.38913237677,1518.46732008545,1570.33258833554,4740.94420588784,17040.7823572433,0.921974899536998,0.830879950668204,0.554738403387724,1.38292445581255,0.602921892611207,1.70048200240065,0.959321387038169,632.432298730935,1558.89013350371,1577.37363881626,4286.83002043477,16559.0428255813,0.925393023146614,0.824191295296378,0.580886247867608,1.38804919916742,0.628500576949007,1.85666048022972,0.96115819582918,743.096664587045,1639.78142396501,1665.85506443897,4709.68525729397,17162.0595387877,0.916375819168215,0.823459880356019,0.565022053185267,1.37452629376144,0.616951530841428,1.75815692721491,0.956284904426323,1139.32942753121,2115.52989523691,2166.32817149738,5602.42053574186,16433.4712500755,0.870188737116655,0.772982453900671,0.492808466547261,1.30524986776385,0.566810314988411,1.96895481252293,0.930524774481546,1887.8086175666,2545.89667017776,2886.99301082643,6479.74751748249,15649.9791230901,0.778730929862684,0.715535914004706,0.406189251763406,1.1680630756063,0.5265955738804,1.6388811616859,0.875623421506766,2433.87113457307,2678.30503850483,3144.36474110755,5750.88320644413,10339.9472050874,0.612558117959259,0.582493178974192,0.275401936028485,0.918797565277026,0.453481363918718,1.53584341274991,0.759815640346357
G95,Populations,61.2387755337411,2875.77377547736,640.571428571429,1732.36396808842,1742.25980701296,4832.46109676459,13777.4710361484,0.907762278918967,0.767864204339286,0.469804354526786,1.36159521532739,0.519239003625,2.91606224073235,0.951532000251401,707.513392857143,1964.13084678805,1962.2867404354,5537.40516546798,17219.9643847152,0.918314641491071,0.791220431133929,0.509565551342434,1.37743239654464,0.555841520590174,2.50916792437799,0.957347813160714,559.651785666989,1555.75841766452,1554.51369338028,4392.20308514133,14592.6396693831,0.923372310059233,0.802138830053571,0.531710473071429,1.38501073735714,0.576647343142857,2.32426309916249,0.960053704017857,660.785580081946,1775.20276445105,1775.53770564845,5003.02712684622,16746.2830866581,0.921433093704367,0.805500240595178,0.537889058930479,1.3821072508638,0.584588571828695,2.2005750305939,0.959013876325006,673.85417859547,1577.1126690475,1583.64649582276,4921.8236085563,17187.1069059127,0.921658053104091,0.829037571645511,0.551642831399353,1.38244847500828,0.598848423552051,1.77583297437977,0.959160420016137,625.006483828522,1575.2455052801,1577.88014484577,4388.25839777832,16650.7408831493,0.925488253016225,0.823669792084869,0.578836237512603,1.38819044922963,0.625667955594333,1.90083586722474,0.961204768529543,736.850261765128,1658.60162311395,1658.37444010821,4837.12262961064,17448.5596090731,0.916558167965484,0.82336574393699,0.562149169264039,1.37479839444045,0.613598433410202,1.7941062836674,0.956370862620621,1069.11848439737,2067.77286323918,2080.49192365164,5599.183987766,17026.8973456115,0.879569114072172,0.778957277631984,0.496862554883106,1.31931371036609,0.566012697782808,2.05360184337919,0.935759710407398,1659.28131232068,2464.65359268942,2677.05092813746,6556.06229122701,16437.7788880606,0.814309787721731,0.740454213622905,0.431581492576181,1.22142850965073,0.530922511100282,1.78217721219652,0.897246117415465,2402.36460008969,2704.96117664907,3164.39525382649,6005.87672804311,11178.7132928255,0.643259379868344,0.610837532832858,0.301025212084822,0.964853115500358,0.467436134132742,1.52173052350345,0.782422720881743
G96,Populations,60.8440756609345,3316.77708510592,640.571428571429,1802.09803904469,1775.02922751065,5078.785236567,13711.9272844989,0.907575646631797,0.767864204339286,0.469804354526786,1.36131399755631,0.519239003625,3.12967316238254,0.951439948897935,707.513392857143,2049.10211620443,2027.80472726686,5793.33500149746,17298.0877809781,0.918314641491071,0.791220431133929,0.50956555133613,1.37743239654464,0.555841520587496,2.66265201636916,0.957347813160714,559.651785663025,1555.14044341875,1555.85074351097,4347.89698792304,14288.9463933793,0.92337231005214,0.802138830053571,0.531710473071429,1.38501073735714,0.576647343142857,2.39899408704666,0.960053704017857,667.834517675071,1804.25866129859,1800.30020076139,5056.97573117074,16516.5799210175,0.920453829347408,0.804698402238605,0.536981437278256,1.38063758566055,0.583446480534125,2.24016287618252,0.958525651046439,688.561820782015,1632.95271811966,1630.33843236766,5028.1681093019,16886.690609948,0.919735601701626,0.825282869738309,0.547299128626696,1.37956228703491,0.595257539061523,1.82557005191796,0.958176627306012,640.10493062155,1590.38278776312,1591.8266803869,4353.89092261428,16046.1415723673,0.922228821695075,0.819416541900121,0.573939472365401,1.38330160818185,0.622354211036872,1.9345051448155,0.959539400039903,756.407032526422,1666.30577981809,1666.38148007625,4785.46882958746,16733.30713661,0.911956372635692,0.81902600577225,0.55652562810744,1.36789284839546,0.610079219048198,1.81234550677132,0.953956762116198,1088.54983217575,2065.44347870603,2083.31812556979,5554.28933518696,16142.0617570648,0.873150525685664,0.773086079046975,0.488418745748946,1.3096876884212,0.560614998133977,2.07283833711236,0.932166830508981,1566.8751138068,2278.36152465418,2468.82879756241,6178.11340171906,15733.8756069268,0.815236954615734,0.744849417758168,0.433939034472493,1.22281536120095,0.533220896470529,1.71324243483198,0.897763573777383,2123.77436748873,2412.41830520462,2722.53374923235,5465.40046277847,10660.2317277062,0.664382134542772,0.630267934002728,0.317999612823708,0.996535180549305,0.477903811193632,1.50436014439362,0.797362453564914
G97,Populations,56.7951412044572,3133.76802361609,640.571428571429,1750.39654288257,1752.84743934558,4861.1703045654,13309.6429104913,0.907491802153435,0.767864204339286,0.469804354526786,1.36118764270007,0.519239003625,2.98074165480916,0.951398965608578,707.513392857143,1934.97134298954,1943.69835361764,5421.39900576126,16553.6895923825,0.918314641491071,0.791220431133929,0.509565551335114,1.37743239654464,0.555841520587833,2.48345396509629,0.957347813160714,559.651785646666,1516.47555381226,1534.41176057326,4186.57600349413,13649.7608860866,0.923372310046246,0.802138830053571,0.531710473071429,1.38501073735714,0.576647343142857,2.32543789143555,0.960053704017857,665.517703449416,1728.33783140325,1744.26489399809,4797.47408590368,15754.0042506596,0.919894956014174,0.804734087823344,0.536871987205564,1.37979992477052,0.583664616369891,2.18625763007725,0.958244957429518,683.638752695684,1547.74672552042,1568.22326752506,4774.7396403503,16191.8579887652,0.919411670720558,0.826918728744661,0.548436000583333,1.379072787168,0.597193941029331,1.74553514348525,0.958009199654627,638.311897515495,1555.55906230563,1563.78773137617,4267.28547175079,15801.31339427,0.921856250273633,0.820266226015731,0.57438933004179,1.38274139562561,0.623467677343902,1.89838373417561,0.959350163417192,759.028011896774,1632.88962569653,1641.52193953378,4696.46905991542,16391.4356505092,0.910665661456497,0.819458344978312,0.555730919498035,1.36595672049876,0.610569600734106,1.77901615090176,0.953277809623435,1142.56943646889,2065.28178987303,2089.00384712275,5552.16685184893,15670.6154058551,0.862554115160952,0.768666804669649,0.480562309071503,1.29379561562817,0.558136308745203,2.0050999615709,0.926148252289811,1841.55808095374,2353.58156036196,2682.22312236337,6272.81838938093,15175.4103166425,0.772695955657943,0.724198584980862,0.404314133816646,1.15900334991313,0.525795469372701,1.51056201592379,0.871792851658653,2432.7768721782,2661.50670339477,3088.58792524246,5879.24631576271,10640.6118747857,0.620250769097148,0.596259159783451,0.28697547509948,0.930335728736783,0.464496529244283,1.4903048403402,0.7650900159433
G98,Populations,64.9177380144886,3536.43617851654,640.571428571429,1743.22243416961,1748.82479310565,4803.46245396769,13101.0048437017,0.907431033333725,0.767864204339286,0.469804354526786,1.36109598862967,0.519239003625,2.98675045131331,0.951367894888808,707.513392857143,1950.61698579198,1952.93546742568,5462.55941183327,16662.709923801,0.918314641491071,0.791220431133929,0.509565551335372,1.37743239654464,0.555841520587451,2.52187570581226,0.957347813160714,559.651785691732,1532.26579227656,1541.63664228247,4255.71204234835,13656.9369936241,0.9233723100411,0.802138830053571,0.531710473071429,1.38501073735714,0.576647343142857,2.37129907664351,0.960053704017857,663.953919918526,1756.06523526677,1763.64838188772,4946.5572827281,16472.833065589,0.920881158734612,0.805433722289536,0.537610261067409,1.38127924190267,0.584387506725982,2.16517945875082,0.958738673999598,682.077051077948,1573.17497474418,1580.69681570036,4924.56390128791,16940.8569304759,0.920580598829611,0.828294651977025,0.549820138789992,1.3808302068228,0.597482326753864,1.75915756040224,0.958606344354707,632.476888009849,1573.47565861365,1577.47524019011,4398.09566275824,16563.8350002267,0.924458223329282,0.8230886780601,0.576921590438629,1.38664551778427,0.624064536083345,1.89594599752303,0.9606789370676,751.921617568303,1666.72369418284,1666.48265988962,4872.3938183167,17350.3507934168,0.914565805986137,0.822165389806296,0.559536442092286,1.37180987552244,0.611792746547559,1.79039017488077,0.955327363557451,1085.17033793302,2100.88979240344,2106.60337449132,5621.14925335393,16714.6497211481,0.875843701674122,0.773737744155239,0.490429555763087,1.31373129233144,0.561051312585665,2.11936122956448,0.933670376977111,1683.05474247228,2530.85885162197,2752.49041213757,6582.06560860772,16216.0546011224,0.807740355457647,0.727588899502921,0.418987388512363,1.21157836098615,0.520593687402368,1.92334695660342,0.893179525828855,2660.13088585328,3055.72781855936,3572.13046259235,6536.73261559755,11305.7858554844,0.614564019212863,0.57503836801774,0.26782287595978,0.921811250307362,0.439179207561606,1.64827049054906,0.761427805426978
G99,Populations,59.0514260965188,2992.72863015791,640.571428571429,1726.56826821175,1743.46482749542,4698.45742278615,12844.5273473195,0.907311288047646,0.767864204339286,0.469804354526786,1.36091563046818,0.519239003625,2.85956601641779,0.951306851389187,707.513392857143,1948.31507931307,1950.04780235622,5369.86743776618,16290.5278609244,0.918314641491071,0.791220431133929,0.509565551332228,1.37743239654464,0.555841520586404,2.53910533816927,0.957347813160714,559.651785775218,1535.19591679671,1544.7798871137,4218.82973165595,13439.9413935267,0.923372310017011,0.802138830053571,0.531710473071429,1.38501073735714,0.576647343142857,2.33928823969925,0.960053704017857,661.512538223621,1736.03921330912,1750.11218558515,4835.40803074744,15981.3775373805,0.920489960805013,0.805017825959283,0.537210322246945,1.38069275967432,0.583886239205825,2.18258892542167,0.95854334711801,676.913642174902,1562.63310543488,1575.89312989768,4850.82122337061,16553.8202446521,0.920510416163442,0.827316099314768,0.549018130470707,1.38072530679381,0.596720008225894,1.77720317414548,0.958571093889557,629.038182049866,1553.63925102368,1561.42577224532,4294.3727119385,16205.5013324864,0.924161515681292,0.822687962447312,0.577776794601212,1.38619989181846,0.62578539922462,1.89032013374078,0.960531264982626,738.4121353381,1618.06453165218,1629.0462659174,4701.01919526032,16866.2444698733,0.914761072591605,0.823121255115271,0.56142840090429,1.37210212886828,0.61460010293264,1.75800729162574,0.955440327181664,1063.1004472086,2012.90487874048,2041.73662982643,5473.17025759747,16216.7712075504,0.876969247976201,0.778576928180916,0.494875070209124,1.31541704134164,0.565512743103372,2.00575170601414,0.934248894510758,1533.78587208136,2199.97783261865,2385.08566481209,6035.37493533094,15605.0277988021,0.815956837000851,0.750110828103541,0.438557753011743,1.22389332684491,0.537988638216077,1.65794638633122,0.898040979427952,2103.41654430483,2390.384080232,2732.77540207363,5515.50576836218,10846.212492622,0.671367736389647,0.635366670856844,0.32141005439141,1.00701187326869,0.477221562534479,1.49863417570354,0.801658093495845
G106,Populations,61.5928625017185,3445.26902458283,612.263157894737,1653.25568520185,1660.83085666657,4603.692464831,12856.4200459003,0.907522952929825,0.769919490526316,0.46820198254386,1.36123275319298,0.517345985385965,2.79256873261261,0.951367945298246,680.035087719298,1805.24950815794,1814.89312105136,5075.80206598095,16023.4973556835,0.917703887701754,0.792538618655539,0.508868623140351,1.3765140165614,0.556704647069494,2.36353924017817,0.957010705,596.280701754386,1606.8391251775,1614.20160123731,4636.95034345074,15943.8008872722,0.927689173666667,0.810646786071986,0.539872874624572,1.39149041577193,0.584079121292531,2.1947911383681,0.962440983982456,629.75258846296,1547.82999028388,1561.66799068329,4494.42220320874,15824.7345480184,0.921630057122807,0.818284081063135,0.551970651288974,1.38240122849123,0.599826008280694,1.94843747221646,0.9591341,623.792472743101,1446.90219516297,1461.27534837207,4585.42461143086,16565.3016222188,0.926018468070175,0.836846688303236,0.561308935099336,1.38898553064912,0.607372971693182,1.69630128758214,0.961543894508772,586.197857837227,1501.03428283808,1504.01330403443,4183.67983706874,16670.7701993802,0.930363302578947,0.831658614920712,0.593816709545003,1.39550374463158,0.639207550423959,1.82538702194426,0.963883586298246,703.059849840694,1546.76092419594,1549.80292156692,4485.48604657015,17258.6123444487,0.920396853017122,0.833627114372261,0.583372450525996,1.38055724632867,0.634858639837692,1.68471192247664,0.958501588383287,1043.04461384714,1942.50386115567,1953.78818821576,5327.97295247409,16763.2950346051,0.881348154299281,0.788435581300874,0.511495221442123,1.32198573976238,0.581026709347593,1.90119141297175,0.936810027493009,1657.49503860248,2310.79020195792,2587.12080993766,6203.46974414884,15562.7812823288,0.800664858323282,0.737855417002739,0.422616322072449,1.20096287380455,0.529382665279535,1.61859786726916,0.889115794413386,2838.59479737261,3029.13255918489,3426.2806419648,6526.05527663778,11209.1083434297,0.587596291591871,0.565617832446117,0.25146297784079,0.881364520450838,0.429508524969973,1.4749923107821,0.739393927514537
G107,Populations,54.3243738607572,3162.80389326104,612.263157894737,1581.00753857685,1590.01224868684,4477.13651798318,12949.8947696294,0.907522952929825,0.769919490526316,0.46820198254386,1.36123275319298,0.517345985385965,2.73530737875181,0.951367945298246,680.035087719298,1704.90326532938,1716.11020553342,4921.57267357667,16069.6135740322,0.917703887701754,0.793818118686127,0.508868623140351,1.3765140165614,0.55980050623344,2.28131376464529,0.957010705,596.280701754386,1566.98434059878,1571.61377112563,4597.16470255183,15985.601989585,0.927689173666667,0.813024085912291,0.542416297738329,1.39149041577193,0.588839464788306,2.12136368815665,0.962440983982456,611.037793731226,1501.89702881592,1510.19851395079,4412.17869144217,15848.3302204034,0.921630057122807,0.821832669236254,0.556403060250086,1.38240122849123,0.602724671296104,1.94396713645005,0.9591341,619.184465091553,1401.25468890199,1415.77586254345,4500.79806561494,16769.2958892134,0.926018468070175,0.839804046916967,0.566719948300211,1.38898553064912,0.612957856784591,1.68079517457797,0.961543894508772,579.210823316444,1472.37062825883,1476.79473829379,4105.48964779112,16648.5026533137,0.930363302578947,0.83227350337917,0.595465932466259,1.39550374463158,0.640943468867915,1.81955986448532,0.963883586298246,700.76386455655,1540.03652347698,1542.89466716592,4475.65866693466,17212.2374207991,0.920474592313013,0.833842482059799,0.583452303721393,1.38067379026332,0.634071556242788,1.68478230744984,0.958534125500126,1047.28488147998,1987.37287913009,2003.85610086851,5473.53771759093,16808.4223904462,0.880538195921586,0.786216948052606,0.505972491886684,1.32076934642132,0.575443145851391,1.91528405558777,0.936378519727799,1607.87003339617,2248.47928785151,2528.02764761516,6064.09104847786,15389.3640680161,0.801461971840683,0.740780273888712,0.426563063063977,1.20215129390839,0.533731412588054,1.58458747419281,0.889646930152835,2710.16357837205,2947.49870446155,3432.32859632712,6430.72232370415,11162.6910871988,0.596953824410554,0.571845114315829,0.257317873173273,0.895398432778646,0.434942169958706,1.49768043362178,0.747343418883159
G108,Populations,58.4326500491266,3548.99392526493,612.263157894737,1721.97692526083,1732.04900545296,4778.97656908769,12822.0891291216,0.907522952929825,0.769919490526316,0.46820198254386,1.36123275319298,0.517345985385965,2.88433351986877,0.951367945298246,680.035087719298,1939.93527749374,1978.36573345716,5409.77463503481,16135.1084160487,0.917703887701754,0.791523720300584,0.508868623140351,1.3765140165614,0.551998783025931,2.46429741997543,0.957010705,596.280701754386,1845.75240138184,1868.13552093059,5080.79936033319,16005.3413990104,0.927689173666667,0.801598484787853,0.525453346917314,1.39149041577193,0.562827200219182,2.31856279717883,0.962440983982456,659.098272509762,1784.21669442387,1810.48157509483,4962.4056641848,15765.4741524308,0.921630057122807,0.803365822168231,0.533010520263495,1.38240122849123,0.579871448168542,2.06445869035158,0.9591341,630.482945391021,1603.16640971776,1620.07305881355,4975.62315178343,16385.2832530631,0.926018468070175,0.828961485382061,0.546966801775815,1.38898553064912,0.589976085016182,1.7660245319717,0.961543894508772,602.355375166539,1592.02166342912,1594.55414225673,4428.70156881494,16497.4801874173,0.930363302578947,0.828890453869899,0.585788176351028,1.39550374463158,0.628811115999929,1.87350055284148,0.963883586298246,710.997398965878,1583.96927484088,1589.14000654454,4678.70967263851,17017.1362927325,0.920008535000717,0.831660288073392,0.571580711673802,1.37997542511282,0.620265838757616,1.71541997666699,0.958335785266281,1048.81934297142,2101.83465967708,2118.82008312052,5730.99090652347,17024.5824249253,0.880892944189787,0.781318560000687,0.499009641076611,1.32130255491164,0.565239815802557,2.03082886861261,0.936553688729371,1645.04915071528,2363.76883630186,2627.82546555557,6309.71904520886,15856.9086723854,0.811189015961328,0.739801610092272,0.428589255780376,1.21674607177331,0.531162622873107,1.74673329199821,0.895416537014399,2395.26576826529,2730.85501308037,3144.44596868065,6228.8681984217,11563.1188143132,0.662294369970663,0.626464141744324,0.31088848119369,0.993400035191475,0.469276843452323,1.5337706713661,0.795921027187451
G109,Populations,62.8569474827552,3692.54177888748,612.263157894737,1565.83115274734,1574.3302720256,4401.50492718801,12840.1898849232,0.907522952929825,0.769919490526316,0.46820198254386,1.36123275319298,0.517345985385965,2.79380443075387,0.951367945298246,680.035087719298,1691.54158186353,1703.49696347613,4816.50748339793,15962.9698191009,0.917703887701754,0.793657363331886,0.508868623140351,1.3765140165614,0.560088215922328,2.30542929143203,0.957010705,596.280701754386,1532.51533771989,1538.05328654886,4468.64995969935,15804.2565328255,0.927689173666667,0.812359195702866,0.542289839537545,1.39149041577193,0.591382401465976,2.08433472341135,0.962440983982456,595.312936619354,1405.54984134654,1420.32694058885,4104.80846540154,15491.8863993461,0.921630057122807,0.823468260667499,0.560003105388562,1.38240122849123,0.606571682154892,1.93275607773609,0.9591341,611.873683721309,1350.0521951066,1370.27637671482,4309.0638103738,16407.9846845717,0.926018468070175,0.840086723662543,0.567127194221596,1.38898553064912,0.61261894030472,1.68558815371259,0.961543894508772,571.950857759692,1442.32638481222,1447.63645867279,3982.01108155567,16415.0241257455,0.930363302578947,0.83242068853632,0.5962083875448,1.39550374463158,0.641840138580335,1.81900290513629,0.963883586298246,699.364406859548,1532.19138930485,1534.90164554492,4408.60125295132,17245.0743232591,0.920530463701249,0.834144954196858,0.586356169604638,1.38075735403218,0.638447973556226,1.67905668224907,0.958557259196202,1037.56272088534,1866.68437772134,1876.71838482706,5088.09002856823,16647.2274753817,0.882077823967471,0.792316640373358,0.519366045090183,1.3230807999046,0.590246022481691,1.86022368335359,0.937204964481085,1432.91414443399,2103.75716476564,2303.08086656882,5769.52041552673,15270.0360698572,0.823695366389646,0.757098931814008,0.451004864012303,1.23550509330925,0.548745584781991,1.63316143765959,0.903020747902254,2669.1974333563,2880.0519299038,3306.42118278426,6319.0732174567,11054.6519110766,0.598904476209548,0.574904039995436,0.25814559476395,0.89832667773655,0.434357397550278,1.48036060557042,0.748938607410843
G110,Populations,60.9608200112001,3308.20397725291,612.263157894737,1544.45596143817,1556.15116532276,4259.30106500326,12543.1504302949,0.907522952929825,0.769919490526316,0.46820198254386,1.36123275319298,0.517345985385965,2.74150209427624,0.951367945298246,680.035087719298,1669.89565464885,1684.01512425894,4708.71891175479,15672.3517888423,0.917703887701754,0.793173808399076,0.508868623140351,1.3765140165614,0.558763532727315,2.32554856088989,0.957010705,596.280701754386,1546.30293887144,1552.49703940468,4510.16541107212,15781.5727997252,0.927689173666667,0.811749684634323,0.540509154513426,1.39149041577193,0.58844523846252,2.09305264511088,0.962440983982456,602.953888314559,1456.5242254146401,1467.52951769586,4212.82757052973,15553.655530216,0.921630057122807,0.820735546929139,0.557114465292864,1.38240122849123,0.604110673478697,1.95097283854105,0.9591341,616.858307382839,1376.61952679289,1395.72905938133,4364.33597058521,16344.7392929303,0.926018468070175,0.838645067185114,0.564829408058614,1.38898553064912,0.611077408506219,1.68818325754157,0.961543894508772,580.575478496284,1468.95202725396,1473.41588185703,4061.94313148551,16515.117847668,0.930363302578947,0.832086631144961,0.59525864421004,1.39550374463158,0.64121581678613,1.81962477085677,0.963883586298246,702.666252363413,1540.42878018558,1543.40850427013,4447.69399106014,17238.545348501,0.920391666720873,0.833846891768828,0.584955782323408,1.38054947157898,0.637476486974542,1.67943720409263,0.958499737514366,1042.84548525664,1943.41955540004,1952.41521072071,5258.54600247285,16613.3819585009,0.881162816588145,0.787201390119321,0.511256509383197,1.32170695270067,0.581704990400281,1.91877957954457,0.936715146489388,1540.72565734227,2218.90313968118,2463.22155117086,6014.69100444258,15377.108760097,0.810814063390755,0.743650514509414,0.429675355405882,1.21618279638291,0.53190442987937,1.68451030080274,0.895306260967578,2762.90160413947,3001.92127427711,3476.31371896218,6268.02696637488,11073.4138922725,0.583237894889897,0.563255515313812,0.251999940726514,0.874826131472065,0.431646798868092,1.49610693796074,0.736384957186057
G111,Populations,60.6447987659409,3429.52506644358,612.263157894737,1617.66599167208,1623.17413563927,4533.96315789099,12869.3491571872,0.907522952929825,0.769919490526316,0.46820198254386,1.36123275319298,0.517345985385965,2.87501938198136,0.951367945298246,680.035087719298,1792.02144152675,1798.53337145231,5115.64943688094,16145.9015735345,0.917703887701754,0.793134760246528,0.508868623140351,1.3765140165614,0.556366239999048,2.41624367105805,0.957010705,596.280701754386,1647.34020356021,1652.32886061409,4770.04399638111,16025.868726039,0.927689173666667,0.810144142116066,0.537517072987611,1.39149041577193,0.582163560457721,2.15156965106939,0.962440983982456,607.16194866844,1539.28757976697,1548.60061058022,4442.12605713978,15789.1376284721,0.921630057122807,0.818778572316869,0.55329356283214,1.38240122849123,0.598257526462891,1.98474723148545,0.9591341,617.456462222223,1443.0378560086,1458.34716364052,4569.95986194165,16583.7017298626,0.926018468070175,0.837055221390135,0.561879315613912,1.38898553064912,0.606498502519214,1.70980167826068,0.961543894508772,580.247961253122,1499.65369397073,1502.69930430902,4179.13164536571,16692.2293526852,0.930363302578947,0.831731169718853,0.594117714420123,1.39550374463158,0.638895189463438,1.83142363042971,0.963883586298246,702.57878625735,1554.38191167743,1557.79594318792,4531.58801868369,17353.8585644498,0.920422534687369,0.83342190446625,0.582330602475217,1.38059581856302,0.632969644522293,1.69242345679606,0.95851227782595,1044.75477703607,2022.16926041637,2035.2515195886,5488.05758938381,17077.3814312594,0.88136721531394,0.786098411269167,0.510289610623853,1.32201459791795,0.578899183746013,1.97104477105873,0.936822191856507,1574.49602829736,2255.37081752226,2562.84083991996,6047.29764726481,15494.8242177403,0.809475265151425,0.743006667282126,0.43514647869151,1.21417456054429,0.53927092272197,1.66076442675659,0.89440302085758,2706.74973295407,2970.05848767569,3478.51297509393,6313.82873960583,11260.1156868033,0.60651290371117,0.578719467161577,0.276625859004798,0.909736458382346,0.459842067578305,1.50285277439701,0.754889277113974
G112,Populations,56.8525438228307,3492.50089900057,612.263157894737,1663.51577703025,1667.02373916974,4652.83240948558,12721.4071135688,0.907522952929825,0.769919490526316,0.46820198254386,1.36123275319298,0.517345985385965,2.93893383132996,0.951367945298246,680.035087719298,1838.78733365723,1842.11774252154,5168.11036403704,15891.465150757,0.917703887701754,0.791829118436036,0.508868623140351,1.3765140165614,0.551841255026123,2.51686479097217,0.957010705,596.280701754386,1693.01163237474,1696.08493544204,4805.86124854585,15854.8076674676,0.927689173666667,0.806212846508765,0.531942545424882,1.39149041577193,0.572388245195137,2.28479721347301,0.962440983982456,630.417019045152,1555.11204515075,1561.4013094567,4457.47221966144,15478.732490028,0.921630057122807,0.81296052557999,0.544276741454982,1.38240122849123,0.591580651102809,1.99132657868537,0.9591341,619.250926740373,1419.61029988524,1430.19154122182,4500.65487349004,16258.7924697803,0.926018468070175,0.836103417720091,0.558815078760376,1.38898553064912,0.60375381314317,1.70754101459732,0.961543894508772,579.483754352412,1461.45740197406,1465.84474058204,4023.62219713658,16025.0848537035,0.930363302578947,0.831191052631955,0.59217577223142,1.39550374463158,0.636894184120999,1.83300065823146,0.963883586298246,700.829464136097,1534.6570029018,1537.38519154859,4430.85737741993,16699.2328306121,0.920360275777701,0.833417083324875,0.580423336832016,1.38050229844742,0.630418995988685,1.68860151460966,0.95848649435859,1040.20995979424,1916.86442231314,1931.27135729697,5316.99153683242,16682.2463035144,0.881644844888397,0.789456698851396,0.510366932517205,1.322431016732,0.57818720914151,1.89952957782609,0.936972330251003,1427.60284195983,2079.92395798761,2277.37266302067,5773.83311778378,15254.4635357345,0.823930006626356,0.759767963611491,0.450038738290583,1.23585432471771,0.547724898438769,1.5735985317793,0.903110467360256,2266.12823641964,2505.60604356597,2924.30042989218,5759.19607088805,11093.0365148077,0.655522822699828,0.628906570317566,0.310333886800393,0.983242888015534,0.473091542623289,1.43037326206034,0.79094777042215
G113,Populations,57.4845863133491,3185.95677287758,612.263157894737,1645.98812015673,1648.64486206357,4598.7510178825,12858.2906407248,0.907522952929825,0.769919490526316,0.46820198254386,1.36123275319298,0.517345985385965,2.94791953095646,0.951367945298246,680.035087719298,1875.53196318833,1875.21189247382,5293.81591899851,16202.5043255769,0.917703887701754,0.792329791478223,0.508868623140351,1.3765140165614,0.554065385056852,2.48697910638175,0.957010705,596.280701754386,1762.8113632045,1764.05553711653,5032.7716812941,16193.1975433325,0.927689173666667,0.80733657366347,0.533011900138165,1.39149041577193,0.574061229484922,2.24308225629089,0.962440983982456,613.972362135906,1653.69986488686,1653.00631079149,4740.40777916273,16070.5228020288,0.921630057122807,0.815066099050646,0.548906573988901,1.38240122849123,0.592722920767409,2.03796486598307,0.9591341,616.016459831114,1468.156060512,1473.88906721565,4681.36333511388,16831.824393544,0.926018468070175,0.837607642018019,0.562655082698773,1.38898553064912,0.606519236297072,1.71505399624246,0.961543894508772,573.206340525145,1483.15236988956,1486.55587911113,4154.2617460534,16584.492644654,0.930363302578947,0.831873777119667,0.593704716523625,1.39550374463158,0.637408363515766,1.83650717305138,0.963883586298246,697.899349582999,1546.87299754126,1549.80292156692,4520.02639558312,17306.907554792,0.920624931738073,0.833668507590836,0.582194998872373,1.38089885388721,0.630678498661183,1.69728283461471,0.958596295763568,1039.46029921827,1967.04446690494,1974.65744614049,5494.40240731011,17338.3980574445,0.882681595575095,0.791425037108071,0.515032597426641,1.32398724719958,0.581838015412718,1.91168523423919,0.9375270328221,1365.61122203757,2083.72865666,2227.0274310722,5827.6112080497,15607.0109650441,0.842607085848869,0.770589136550893,0.466349569072619,1.26387766084167,0.554228085152041,1.65006702001928,0.913999435428108,2161.47621653743,2505.72233110831,2908.13589732379,5852.08160082461,11293.9102033917,0.680739472070424,0.642485030100604,0.322438180282437,1.02106774440352,0.474198581386073,1.50909676960275,0.808809728960381
G114,Populations,60.6447987659409,3411.92887793501,612.263157894737,1603.66524136457,1609.48986301131,4581.86774080844,13019.2718306197,0.907522952929825,0.769919490526316,0.46820198254386,1.36123275319298,0.517345985385965,2.77722899619213,0.951367945298246,680.035087719298,1780.53039374611,1786.41966373392,5122.24288674208,16321.7809807473,0.917703887701754,0.793673944763155,0.508868623140351,1.3765140165614,0.559239508268406,2.31783886473709,0.957010705,596.280701754386,1646.04761595225,1648.93033053036,4767.39840389166,16101.882040066,0.927689173666667,0.811124182912652,0.539649379064007,1.39149041577193,0.584252296819738,2.16311109715905,0.962440983982456,643.927107549717,1624.01148735269,1628.07161610502,4668.1467226287,16010.6521735347,0.921630057122807,0.816034179671384,0.54999460380313,1.38240122849123,0.598262053012997,1.96744935531824,0.9591341,621.399853385566,1457.77064903464,1469.94728007703,4650.14745188567,16734.1684109843,0.926018468070175,0.837444284605516,0.562075039742707,1.38898553064912,0.607171395556754,1.70264467744862,0.961543894508772,582.704340576835,1492.88223428802,1495.81644860449,4187.35709844566,16804.5224562811,0.930363302578947,0.832134085983422,0.594850500636198,1.39550374463158,0.640184622584129,1.82110418339423,0.963883586298246,701.616659090661,1544.74360398025,1547.91885218483,4503.40656237604,17572.7712475166,0.92051576729859,0.834080974210632,0.585659799327353,1.38073543174317,0.637209961649137,1.68072881949832,0.958550885616392,1039.81170261326,1937.92538993379,1951.22529689167,5298.93320888834,17006.4412278771,0.882158822867882,0.791079020196395,0.517722397943269,1.32320261212576,0.587132408870116,1.89635920233734,0.937242582227607,1539.93292562971,2235.98839032326,2480.00329515368,5987.44256745486,15504.9141141097,0.81503619156008,0.745687725987594,0.441539534686191,1.2225201313788,0.543244664050063,1.69626438868399,0.897825372984204,2750.18797292768,2985.05958063767,3475.65394212265,6399.02236869444,11243.9930057145,0.59660033912842,0.570383203769464,0.265889526648717,0.894867228767177,0.446532955899151,1.49611700148252,0.7471357720814
G115,Populations,59.064692539645,3357.28808203998,612.263157894737,1679.97467433831,1692.99389160236,4684.95181465086,12765.5311444285,0.907522952929825,0.769919490526316,0.46820198254386,1.36123275319298,0.517345985385965,2.89904294672878,0.951367945298246,680.035087719298,1906.13021832514,1919.79533222086,5327.49984763699,15916.7922759937,0.917703887701754,0.791125233134063,0.508868623140351,1.3765140165614,0.55079934867761,2.48512193645437,0.957010705,596.280701754386,1702.27517689844,1723.48558424207,4824.38039597194,15863.6821078395,0.927689173666667,0.806381601456844,0.532715562697113,1.39149041577193,0.570967789451504,2.34672279798962,0.962440983982456,655.000950586246,1651.45923262013,1681.14118019709,4708.9704947737,15727.097282977,0.921630057122807,0.810169650461484,0.541095270063108,1.38240122849123,0.589736359735252,1.99679466534987,0.9591341,629.419559009894,1505.3503248728,1532.6780068259,4738.49699294899,16539.1750624476,0.926018468070175,0.834360461908976,0.556404397188494,1.38898553064912,0.602277402262357,1.71040261321055,0.961543894508772,590.400995791136,1512.47344773898,1519.59358649286,4179.80903561935,16335.9486156216,0.930363302578947,0.830814507421392,0.591517872883251,1.39550374463158,0.636285155655124,1.83520184228335,0.963883586298246,704.721705855884,1557.57600201894,1563.27687229946,4530.14281579612,17050.9333385393,0.920291909585207,0.83296739560429,0.579920705148897,1.38040003705501,0.630070190212366,1.69564421996428,0.958457277721451,1049.2995942779,2024.36692660288,2053.37482252324,5525.27238683614,16902.2872905958,0.880579314283614,0.78578117040612,0.507435811030589,1.32083142839174,0.576720003802176,1.92264889003543,0.936383778635441,1512.5044083751,2194.63921229873,2425.01630423124,5967.6433434566,15483.4442889583,0.818469284744208,0.75147666379764,0.444213723052817,1.22766800077929,0.543529499273013,1.6351456018334,0.899773705586329,2438.82172704642,2679.10705673865,3154.45258408013,6067.2217366626,11166.0189003772,0.635598219578423,0.607036575628831,0.287107982187709,0.953359373375232,0.45537738068557,1.47767031827947,0.776779337331565
G116,Populations,62.2249049922369,3473.05248012268,612.263157894737,1671.42459781465,1683.80445304928,4642.81225317333,12819.8884293281,0.907522952929825,0.769919490526316,0.46820198254386,1.36123275319298,0.517345985385965,2.87762917474223,0.951367945298246,680.035087719298,1852.4162507924,1858.10284136642,5237.77159517874,16118.4280817523,0.917703887701754,0.79237501867034,0.508868623140351,1.3765140165614,0.554841410064469,2.42340570071469,0.957010705,596.280701754386,1737.28275794732,1748.44353954442,4941.90575463752,16071.9826404951,0.927689173666667,0.806954838040073,0.533133620878231,1.39149041577193,0.575224562160109,2.21824807445207,0.962440983982456,632.299572361361,1672.18508108738,1685.14139859599,4768.86522616891,15881.4184046674,0.921630057122807,0.811804169308218,0.543722004596904,1.38240122849123,0.589386508489708,2.01922781688165,0.9591341,624.324165933664,1500.03685853554,1515.33414341598,4743.36552519559,16538.856445865,0.926018468070175,0.834141507203834,0.556238162401053,1.38898553064912,0.60089633363106,1.71968080196292,0.961543894508772,589.636788890425,1538.6388938916,1547.87586629693,4293.90090834004,16623.2220069544,0.930363302578947,0.830767561581542,0.590922877029303,1.39550374463158,0.634717356034253,1.83959496219937,0.963883586298246,706.121163552887,1563.68399933867,1569.75692911363,4565.40576625287,17221.6468255975,0.920292016992207,0.832954356902964,0.579720626603168,1.38040015598906,0.629899030640263,1.69276203777067,0.958457311388141,1043.9816895671,2019.97159422987,2043.48938455889,5459.38389298611,16780.8044486715,0.881448930843351,0.785009082033001,0.50759617207757,1.32213655443917,0.574817123953284,1.97570687186484,0.936864427249711,1589.00301863722,2282.21906853125,2536.06146122396,6101.46780137229,15567.6189038758,0.809198167321711,0.738944083783538,0.429049308767449,1.21376075404032,0.532703089915658,1.7283181511683,0.894254248594476,2663.19377417295,2939.7074391247,3398.78994031789,6341.10002443036,11182.7727184482,0.606007422852054,0.575989573030353,0.269865915116509,0.908977193027521,0.44400693111786,1.54223335106925,0.753264661922577
G117,Populations,65.3851174448287,3338.76577834674,612.263157894737,1788.5606461889,1783.09034350323,5104.42575561282,13614.6711597525,0.907522952929825,0.769919490526316,0.46820198254386,1.36123275319298,0.517345985385965,2.91544644916062,0.951367945298246,680.035087719298,2051.37171759896,2040.55775865051,5758.08079074334,16975.0123076758,0.917703887701754,0.79264929442016,0.508868623140351,1.3765140165614,0.556070722042894,2.52358266301782,0.957010705,596.280701754386,1749.99320275891,1752.05447775838,5036.33305579912,16477.5528593626,0.927689173666667,0.81106105668371,0.539907997983622,1.39149041577193,0.584382613019747,2.1693076742909,0.962440983982456,627.316342994923,1635.77480675302,1644.07248970062,4727.2964946782,16385.8776073812,0.921630057122807,0.820497660606815,0.55749252780147,1.38240122849123,0.60382078160066,1.96035607662807,0.9591341,619.804773813877,1518.15094832165,1523.89345263126,4898.15621221252,17490.962448749,0.926018468070175,0.83914798177218,0.565842187648003,1.38898553064912,0.610072233752535,1.70189459685197,0.961543894508772,579.647512973993,1522.86073540761,1524.91215681,4336.09264413836,17317.9253500777,0.930363302578947,0.832351712487961,0.595201233660906,1.39550374463158,0.639686372936373,1.82551878280921,0.963883586298246,700.26093444669,1553.70947160554,1557.62466415319,4594.74338487058,18256.6813534312,0.920693070922765,0.834349900374757,0.586881218383462,1.38100103478669,0.637440630607434,1.68216311418872,0.958623771408474,1038.96833446529,1977.6665201397,1990.21785775103,5473.78174904963,17694.8139138777,0.883179332570695,0.793243505188238,0.522804269388538,1.32473463625818,0.590984369411288,1.8952733915670401,0.937786200085604,1436.40216396926,2239.07522132162,2385.29355916552,6064.80983218737,15900.6315566529,0.838614110009872,0.757185869177438,0.456536378797392,1.25788570541077,0.544567558880255,1.8665274523865,0.911681162200018,2631.64513375852,3001.3398365654,3464.43773585071,6728.14248982472,11668.5186903283,0.637363714546166,0.598967206196292,0.279287089621532,0.956012781488591,0.440801726470899,1.59778176104702,0.778104018907169
G118,Populations,61.5928625017185,3573.9990352508,612.263157894737,1644.38498080854,1648.04555085359,4620.98752915077,13050.8518726565,0.907522952929825,0.769919490526316,0.46820198254386,1.36123275319298,0.517345985385965,2.85084991126016,0.951367945298246,680.035087719298,1829.16692156182,1832.12705574349,5167.25034883776,16204.9573159146,0.917703887701754,0.792845510320259,0.508868623140351,1.3765140165614,0.556422861236893,2.43065244883948,0.957010705,596.280701754386,1578.61762907041,1582.87140202797,4604.59271223373,15886.4073102873,0.927689173666667,0.811388437259385,0.539422907419501,1.39149041577193,0.584401651185486,2.13946025348722,0.962440983982456,596.863274644468,1468.56762384832,1477.930085533,4275.85113117694,15618.340218306,0.921630057122807,0.821059256988028,0.555627258566276,1.38240122849123,0.600733954112378,1.96411990702821,0.9591341,613.114301165957,1397.63187094477,1409.91949308036,4447.38740302723,16475.6907083692,0.926018468070175,0.838185607248076,0.563568991503001,1.38898553064912,0.608062234736473,1.70442618612819,0.961543894508772,581.339685396995,1487.62284812669,1490.68559253384,4157.26161717667,16624.5448314732,0.930363302578947,0.83171876631464,0.593733667834416,1.39550374463158,0.638567132626546,1.82828096610479,0.963883586298246,703.125449420241,1547.32129092252,1550.25966565955,4506.29696815118,17194.9548405569,0.920356907889841,0.833432721739859,0.581571503761158,1.38049740744631,0.632548604341919,1.6874942797636,0.95848496854042,1046.51179401101,1984.07637985033,1991.86543074509,5396.54579236987,16692.7158500696,0.880689305886581,0.785028069358135,0.506568254072756,1.32099677762296,0.576956833182698,1.93618106320936,0.936459223231557,1587.57610155461,2290.40276001527,2506.06855708445,6175.30649153085,15572.1800899058,0.81036977702681,0.741204117114231,0.426011319054448,1.21552047079753,0.526930000660543,1.73899060897133,0.894999586113366,2784.56186472251,2995.6417469907,3480.71223122569,6633.15916874781,11389.0397594249,0.602715137480207,0.578294584207689,0.259994201296661,0.90404064495836,0.434429531204143,1.46962440595242,0.751828284054307
G119,Populations,55.588458841794,3219.29691952539,612.263157894737,1644.70560867818,1651.14199210517,4614.26167080419,12765.6411794182,0.907522952929825,0.769919490526316,0.46820198254386,1.36123275319298,0.517345985385965,2.79577100224278,0.951367945298246,680.035087719298,1872.7260096605,1873.21375511821,5302.9894144575,16076.78857077,0.917703887701754,0.791931744467916,0.508868623140351,1.3765140165614,0.552883793188502,2.42883611613234,0.957010705,596.280701754386,1728.98865412959,1730.70746066998,4913.10949792552,15990.5368419413,0.927689173666667,0.806144059427322,0.531421632351361,1.39149041577193,0.568508986271045,2.41113672238289,0.962440983982456,660.427133674145,1731.28175712238,1727.27703239773,4960.31977801681,15948.6118280397,0.921630057122807,0.808711789505676,0.536771749479702,1.38240122849123,0.583692375521577,2.02237204141927,0.9591341,629.552482307535,1528.41559920044,1533.1284967846,4846.75023937341,16600.9866794674,0.926018468070175,0.833855659172873,0.554638974575162,1.38898553064912,0.599381233424174,1.72046197304826,0.961543894508772,591.274375106234,1519.31064974871,1520.90758621827,4249.28992163585,16411.4231034443,0.930363302578947,0.83051463627638,0.589674598734206,1.39550374463158,0.633661213448748,1.8425077087758,0.963883586298246,704.328108378603,1554.38191167743,1557.51047813003,4545.89552727065,16834.3249995047,0.920222803781282,0.832773103991689,0.576610213620448,1.38029641568442,0.62561510511236,1.69940291979705,0.958428292460552,1054.24266870072,2041.12413127495,2053.83248168825,5605.07067383229,16512.3869361284,0.878975127065536,0.780509433423762,0.494776415030233,1.318422478558,0.563965655114892,1.95638969368641,0.935500858846702,1615.00461880922,2276.11719330193,2566.7684821287,6123.42337649908,15308.3223889576,0.797774846569558,0.734841231140379,0.416840812967604,1.19662160473889,0.52303881154322,1.6463459480638,0.887087569156858,2629.99707045329,2929.12527277168,3354.47492926306,6493.77260186686,11339.5241943727,0.622347556953875,0.590377125209588,0.272334535297112,0.933488096311435,0.43835454562486,1.52550210641905,0.76654541741941
G120,Populations,60.9608200112001,3078.62002297529,612.263157894737,1686.17347981797,1694.49216962732,4711.58072320669,12859.0058681577,0.907522952929825,0.769919490526316,0.46820198254386,1.36123275319298,0.517345985385965,2.87949124660191,0.951367945298246,680.035087719298,1893.97108637121,1922.04323674592,5275.18225634744,16015.8317608782,0.917703887701754,0.791644341711446,0.508868623140351,1.3765140165614,0.553935412949505,2.41477303938621,0.957010705,596.280701754386,1688.91843828287,1709.89146390717,4797.51745684838,15936.3778740639,0.927689173666667,0.80797071877339,0.535628912026425,1.39149041577193,0.576351830117793,2.26204295773967,0.962440983982456,653.893566282593,1665.46318428719,1692.20845110071,4741.59971411587,15867.3152441615,0.921630057122807,0.811374572188955,0.543117272096791,1.38240122849123,0.591471643248244,1.99157410324913,0.9591341,627.159862950001,1497.50088596549,1529.18670964598,4754.67770306269,16599.3139424089,0.926018468070175,0.834883860788796,0.556669148808135,1.38898553064912,0.601851189723214,1.70908337683186,0.961543894508772,594.331202709077,1528.77754483911,1532.85872657795,4286.06253540503,16714.7908597558,0.930363302578947,0.830967294337174,0.59153160780885,1.39550374463158,0.636277043446704,1.83129345936852,0.963883586298246,707.06142419306,1565.92546624499,1571.04152187414,4614.47040428594,17440.9435660031,0.920269463981954,0.833019708032554,0.579301066997482,1.38036649085965,0.629346697717667,1.6928222470521,0.958448204608921,1054.35980316571,2106.50470032339,2128.98011658388,5701.09705283225,16830.5347948084,0.879651753638963,0.779682954681427,0.497998711749807,1.31943873743459,0.56605262811878,2.00838853623579,0.935885716928227,1715.68154630445,2440.29353035421,2750.47501998322,6384.40720702411,15583.05322024,0.792056808864952,0.720364423411912,0.404050963966195,1.18805040827017,0.512463340303757,1.87923308247777,0.883701171415182,2816.11050513695,3120.0694172955,3502.70479254322,6787.92953732466,11272.8531786244,0.596329678010614,0.565606514646208,0.243821643395898,0.894461462068847,0.412163984580211,1.595190123431,0.745944257600953
G121,Populations,62.540926237496,3289.68167355968,612.263157894737,1655.17945241968,1660.63108626324,4571.43579725048,12662.4283591028,0.907522952929825,0.769919490526316,0.46820198254386,1.36123275319298,0.517345985385965,2.88382129030497,0.951367945298246,680.035087719298,1788.28017015631,1795.91081617307,4963.71341834141,15667.6911072007,0.917703887701754,0.791634616582181,0.508868623140351,1.3765140165614,0.554002892959447,2.41694136392004,0.957010705,596.280701754386,1591.54350514999,1596.0407061024,4534.38275770624,15623.5745856265,0.927689173666667,0.807398262243355,0.534866566350454,1.39149041577193,0.577990679067205,2.25097395584137,0.962440983982456,607.383425529171,1428.79640111386,1444.59493220884,4152.48586352709,15301.2225178903,0.921630057122807,0.818980510082405,0.552077592895026,1.38240122849123,0.599461432469375,1.94518806045619,0.9591341,616.9469229146,1348.84458912086,1371.85309157027,4252.93249741299,15991.5528111443,0.926018468070175,0.837720099711908,0.562783935016418,1.38898553064912,0.609267264095754,1.68761759932575,0.961543894508772,584.505685414225,1467.17698442451,1471.35102514567,4030.00901952807,16226.5216318164,0.930363302578947,0.831383913083317,0.593399159104657,1.39550374463158,0.639278395471875,1.82511367626256,0.963883586298246,703.475313844492,1539.25201005976,1542.43792307329,4420.45191662941,16873.4988480535,0.920270111330159,0.833380491112436,0.582260032962582,1.38036737564367,0.634489782754588,1.6836232957988,0.958448267524136,1044.28623917609,1892.59852483718,1904.36099839403,5096.87516108156,16216.6222459457,0.880327183963556,0.787138705927114,0.510688724248552,1.32045310541251,0.583422651716146,1.87147934705425,0.936247706750006,1502.99162782437,2150.70571064766,2359.67462021302,5879.95173089661,15312.3307039536,0.814956990929365,0.751186956247092,0.441219213444933,1.22239691866659,0.54210833770006,1.60102912608161,0.897622106886851,2555.48106529531,2818.76839509012,3256.16818017371,6416.38741757844,11380.4333460323,0.633652584524348,0.604354898415456,0.278985591591657,0.950442936747438,0.441921496756482,1.48429342375906,0.77473421053897
G122,Populations,64.121032463792,3465.64355864539,612.263157894737,1655.50008028931,1659.23269343995,4643.77309007998,12978.833971914,0.907522952929825,0.769919490526316,0.46820198254386,1.36123275319298,0.517345985385965,2.90693056338238,0.951367945298246,680.035087719298,1877.00174836958,1877.08514624471,5257.40860889564,16250.3989619204,0.917703887701754,0.792427377013403,0.508868623140351,1.3765140165614,0.555514010343599,2.47080369078926,0.957010705,596.280701754386,1690.42645715882,1693.32362974901,4833.33470901313,16087.4092377772,0.927689173666667,0.809137397574283,0.537110558028253,1.39149041577193,0.581415917421894,2.1859470961571,0.962440983982456,631.967357070266,1543.06864671708,1551.53410407275,4417.09542312387,15814.6318032329,0.921630057122807,0.818652940312908,0.555241118851932,1.38240122849123,0.603837888283675,1.94566802814551,0.9591341,619.095849559793,1426.61441460254,1441.22854520995,4485.47650825064,16539.0954083019,0.926018468070175,0.837675837244036,0.564249265489749,1.38898553064912,0.609944833692768,1.699869389251,0.961543894508772,584.178168171063,1502.61209868648,1505.32730375984,4174.87376377138,16765.8665842317,0.930363302578947,0.831825460690254,0.594856914644452,1.39550374463158,0.640376268452674,1.82736850582426,0.963883586298246,705.027837227104,1562.22704584956,1565.67477878576,4569.30781404932,17833.5461805033,0.92042715021214,0.833620946506366,0.584745614800291,1.38060269122713,0.636657433729779,1.687109238829,0.958514431621221,1042.24809948517,1943.96897194667,1955.80188854183,5255.73964069776,17139.6571823201,0.882020269514566,0.791728164345044,0.522011219589276,1.32299468549443,0.593953910144509,1.87202591277452,0.937173316627271,1456.93391532458,2168.79597603339,2366.10167110006,5866.03346452159,15574.1612111108,0.828614858081706,0.757379649622099,0.458784054621905,1.24288642474434,0.55410563962951,1.69135808895328,0.905930962437963,2484.02574913277,2768.4158892565,3233.62580482324,6227.23658309032,11303.2051298558,0.637238091010601,0.605942462702765,0.288152440601934,0.955818286244889,0.453945624226728,1.49929598317907,0.777805948460188
G123,Populations,62.2249049922369,3492.50089900057,612.263157894737,1692.79978912382,1693.39343240902,4685.5008643118,12810.8105426799,0.907522952929825,0.769919490526316,0.46820198254386,1.36123275319298,0.517345985385965,2.94107470112313,0.951367945298246,680.035087719298,1987.36925379752,1981.73759024475,5453.06206673192,16216.9156438108,0.917703887701754,0.7912514989837,0.508868623140351,1.3765140165614,0.552303861209985,2.57457975606122,0.957010705,596.280701754386,1802.45071651523,1803.56344933982,5034.60324532525,16062.6105679527,0.927689173666667,0.80425781391879,0.529701643070398,1.39149041577193,0.569084552900301,2.33488333141346,0.962440983982456,666.849962635332,1735.20286358916,1736.3441941019,4852.15168101948,15873.3497695703,0.921630057122807,0.806958263665837,0.53893320285591,1.38240122849123,0.587535247056148,2.03122182730303,0.9591341,627.492171194103,1536.86884110062,1542.25091844826,4811.8113608978,16436.4212145667,0.926018468070175,0.832112208307184,0.551995889341265,1.38898553064912,0.595996863945294,1.74460143643185,0.961543894508772,598.315995834211,1564.40988608213,1563.89414866383,4404.50905975627,16824.5852948163,0.930363302578947,0.830313893205145,0.589544311603197,1.39550374463158,0.633381579671014,1.84879892411919,0.963883586298246,710.188337484799,1578.30957090242,1581.97483359144,4695.40176598997,17578.2440645933,0.920149563131738,0.832571875869332,0.576620271552997,1.38018692318215,0.626478531387189,1.70024724707406,0.958398072785688,1046.81634362,2009.16640214623,2018.40966231601,5504.16366565826,16978.1012484089,0.881073233998553,0.786011505803304,0.507944463832929,1.32157292459116,0.577246149575503,1.94254699880632,0.936660780694626,1690.07631198874,2434.4070154271,2681.74128133017,6470.46522024431,16040.0011297921,0.809194042188169,0.738335931758253,0.426102644398242,1.21375739933498,0.526711016809743,1.79872544971506,0.894113912823488,2657.89642783471,2928.07868489061,3389.55306456452,6562.88316554613,11542.6355504387,0.632296830307518,0.602822625279506,0.284243005024099,0.948409711649148,0.451482820983448,1.48751339015018,0.774257719753424
G124,Populations,57.1685650680899,3313.76066836088,612.263157894737,1591.26763040526,1599.30157244158,4482.07796493169,12655.4411372585,0.907522952929825,0.769919490526316,0.46820198254386,1.36123275319298,0.517345985385965,2.76331841972981,0.951367945298246,680.035087719298,1815.00353708802,1820.76264953346,5182.01394309207,15925.9909897601,0.917703887701754,0.792318263066045,0.508868623140351,1.3765140165614,0.554311767998159,2.35796863408134,0.957010705,596.280701754386,1656.06516991393,1659.550737042,4759.86864065248,15868.0363893304,0.927689173666667,0.808343452645908,0.534758263915458,1.39149041577193,0.573761121552215,2.28712194802754,0.962440983982456,662.531163851086,1624.57164541937,1630.47174714436,4696.90215337317,15642.3427126286,0.921630057122807,0.811304277196525,0.539497642229746,1.38240122849123,0.588827264091287,1.97239517543838,0.9591341,633.274334641478,1493.51578621255,1504.5223844072,4751.24109206509,16336.8535325115,0.926018468070175,0.833655409791787,0.553188583424048,1.38898553064912,0.599165838581932,1.70876132602261,0.961543894508772,597.770133762275,1520.09955767291,1522.09644311269,4265.16020757834,16494.6140676266,0.930363302578947,0.830862637297236,0.590761402768268,1.39550374463158,0.63584928624742,1.82807524888205,0.963883586298246,706.580360609715,1553.73748994187,1557.22501307214,4565.18898581974,17020.0167227728,0.920188286918001,0.833040999135354,0.577625163146652,1.38024483916912,0.627758129972941,1.6884202513078,0.958414734849566,1056.49165042864,2052.57030932965,2089.16376922749,5638.38096794537,16565.3664518859,0.878645184956333,0.780331778895315,0.49431063125665,1.3179276041213699,0.564196281593519,1.94014866856773,0.935323482872987,1856.62924479777,2446.46719235093,2851.61180685842,6453.14906724252,15618.3448212399,0.775534147837885,0.721692180874831,0.400084504519794,1.16326190755623,0.517431702186012,1.55595727718729,0.873172410371532,2994.10134210196,3221.00700404744,3711.85405067293,6712.29251231986,11475.7924064226,0.587674324053799,0.562230842518601,0.265585220099001,0.88148129326369,0.452621172396929,1.55095577486973,0.739958928918128
G125,Elite lines,55.9768870833203,4280.38307570118,665.377807833772,1747.70538466584,1749.02854740153,4791.58008422881,13296.9092113379,0.905636182251282,0.758835825067364,0.458094518730001,1.35840546985335,0.506654848503939,3.15136912595868,0.95041553449662,721.840058483032,1943.55191497589,1943.86907668441,5314.98973657113,15980.1330433721,0.915141165663063,0.780823111528066,0.496648629034828,1.37267242252882,0.54105636688447,2.75227877343862,0.955662164040017,617.126450032533,1647.27938807362,1645.90501033469,4584.03058121871,15991.448282228,0.92574784814384,0.803782827080894,0.53843894325339,1.38857586513836,0.579503933273792,2.36127282544996,0.96142172501255,715.098346523151,1652.67347007701,1658.98619805777,4601.11520134919,15660.0663448173,0.911632924885687,0.806038383872495,0.540811063893178,1.36740618569684,0.593929374109795,1.98974356536258,0.95370629383147,692.760249622705,1426.5842767951,1444.86543134161,4408.55586456743,15710.4636259741,0.913768473112524,0.831299964724496,0.558552400382066,1.37060990992619,0.610986662038094,1.6496024205939,0.954869965458575,666.00917199703,1499.89742777982,1501.24859262324,4042.29512596443,15397.4773630877,0.914606122572407,0.819819406180686,0.580387101884259,1.37186627790558,0.634093686685966,1.82891111555135,0.955344621379606,795.308741908456,1527.2714720215,1531.2824775468,4332.23017409615,15002.556262014,0.896836926629659,0.813565718718318,0.550089668287874,1.34521178368297,0.612961571519571,1.71987877834241,0.945507705983544,1469.98654666442,2216.0129727561,2289.607132105,5669.189834154,14371.3369654318,0.811364942291393,0.730015893310942,0.43178066943633,1.21700618838744,0.533103559786171,1.9502488269078,0.895544559556498,2305.78883871958,2624.89848735523,3058.15938250351,6518.42173325395,13266.5631484559,0.697056756589583,0.664958176405697,0.336179518659096,1.0455501755531,0.48390507173713,1.4107823913756,0.821354889397416,3481.23957093933,3649.86703220697,4077.04401374049,7022.30610426357,10960.9321332406,0.494194829185088,0.482328044667523,0.206412940698789,0.741265794815569,0.41738653372973,1.71144879862701,0.658122806988427
G126,Elite lines,54.0992495833907,4251.496223047,683.8982699305,1832.22371418841,1832.16737231893,5057.54042436077,13562.1901073916,0.905917050414104,0.759597556510772,0.456492329148763,1.35882791826522,0.504117127459812,3.13810072732358,0.950590426575574,728.508117021267,1959.49483045163,1959.42028789481,5457.82093920812,16203.575838997,0.915396804674717,0.782942575891488,0.497579672019112,1.37305564361493,0.542395115626492,2.634328724848,0.955810495022182,627.964519314743,1685.17640708097,1685.72436218834,4598.76405865943,15921.9432401164,0.92355975120077,0.798280421146153,0.532734395274296,1.38529555780913,0.575453200498705,2.4453207408783,0.960246988945706,729.711557227677,1579.83826822449,1589.80829817592,4450.32387822241,15369.6900847509,0.9091319438105,0.806505924913415,0.539443512327423,1.36365334896832,0.594947912486803,1.9041421367762,0.952380535979531,724.320840844343,1403.79758058824,1429.16687589128,4323.91505937146,15024.4063264062,0.906522532050076,0.827426570045891,0.552725615245123,1.35973908347199,0.607565270023959,1.64042920867562,0.950929608813944,695.165401799927,1495.02940290688,1495.63820085231,3973.61926106029,14670.6628894635,0.906230529300151,0.810392383126088,0.568048408733083,1.35929997366954,0.625117322336918,1.88578765546791,0.950747511940262,860.610579258001,1568.67153166668,1572.46905250472,4355.22511110601,14203.8151011544,0.881046402823923,0.798238643877287,0.530301700527649,1.3215218410195,0.600061977292876,1.76516799603985,0.936656511407291,1949.07751651405,2647.09115375629,2825.32100056251,6300.80391640608,13916.8976417459,0.751618499755803,0.680680480321313,0.379649591200909,1.12738992038999,0.503806530990971,1.86144649523637,0.857805164051559,2652.95267397905,2945.14030719171,3397.52621567907,6809.38202760175,12780.0748013425,0.649848319026146,0.621329086189501,0.298765560329143,0.974739109741197,0.460245588926157,1.43839046176629,0.787664984372404,3121.16251452649,3321.35634164187,3544.4522873073,6682.44544734145,10960.1274629265,0.529212772820933,0.513001802245271,0.220764903699582,0.79378772302014,0.41738653372973,1.61105933105887,0.69040890947892
G127,Elite lines,57.8545245832499,4296.00555723865,629.004287679839,1740.53775248018,1742.29547355259,4815.4369918154,13937.4569943501,0.91175273009221,0.774202700046387,0.479020299166357,1.36758177387113,0.527276433200114,2.85098257025306,0.953774284151088,697.895666459372,1889.02446456723,1890.6813206959,5251.47697844422,16645.603978168,0.917841149945096,0.790934339356807,0.508506818849468,1.37672095435223,0.557052059411875,2.43776391493784,0.957098244742969,644.540389981652,1698.6351614948,1699.54401959637,4776.91462743203,16496.8002620715,0.92419547029017,0.812837395909307,0.551413388191194,1.38625065269577,0.596587426313069,2.18925169266015,0.960601629351296,706.42546537331,1646.17516210504,1650.27490696153,4614.77282580984,16282.3206265808,0.91460821738491,0.81487485046869,0.554861480553869,1.37187127128743,0.608465077298397,1.88036128760552,0.955291578816603,680.136013134049,1437.23133572145,1452.32224518051,4484.39011199735,16580.3422444533,0.919140151796468,0.836537405548248,0.565806011972559,1.37866965819133,0.616708962146788,1.62658104068278,0.957795498928852,644.773998845787,1471.11258505286,1471.50293059242,4012.48075347611,15798.1972044975,0.919825516219098,0.827570662356819,0.591309416533823,1.37969445867667,0.643224048041497,1.77164184987094,0.958184265890665,754.144259911609,1482.61307434869,1484.51454430019,4265.16160781738,15350.9869724404,0.904834756686227,0.82329618199235,0.56355951854512,1.35720938884131,0.622748677088448,1.67712334220875,0.94996234810465,1230.4410617396,1949.40494097957,1984.12392911917,5194.01154028311,14410.853428361,0.841269394740272,0.760642140289188,0.469728368411083,1.26186595811196,0.557919055108204,1.84795663652205,0.913252383351025,1831.04261748699,2203.79829280698,2478.1007042575,5785.03390604977,13035.7588595743,0.749629381568015,0.70809287009764,0.383604677836521,1.12440431661191,0.510161079857453,1.44818349556789,0.855835807505107,3053.44256774461,3227.06184868247,3411.6175609139,6728.69823464746,10960.7988602225,0.565020592102068,0.548062347248844,0.237902478257255,0.847500067850538,0.41738653372973,1.52308994228338,0.72014393325806
G128,Elite lines,58.4804037498931,4300.13225047496,641.18441140111,1856.11582147395,1855.00127493709,5112.91201233951,14081.3547497741,0.911275262834399,0.768202900080511,0.4703719818831,1.36686485431173,0.516288869802536,3.19176091361304,0.9535126615383,704.563724997606,2049.79336012101,2047.50025727136,5749.28359636585,16812.7812872134,0.917817858047343,0.78640344888756,0.501851502161576,1.37668574149807,0.545882707007335,2.71083224278198,0.957084885211412,664.702386513997,1856.00814073715,1855.4250705293,5161.74890790819,16568.7850223696,0.922150820739111,0.802686167294588,0.532863035886506,1.38318601489713,0.577490238148481,2.28465654527924,0.959455653432896,716.880445389557,1773.43369322283,1770.69569564475,4917.19165315283,16157.8153416883,0.913194863459489,0.804830494891235,0.540218914825059,1.36974922647885,0.590763504213107,2.09353776770846,0.954543042755302,666.51512639629,1454.84376030056,1465.86224925642,4543.29619838808,16210.7636749871,0.918509541270996,0.832569215735196,0.558757018242953,1.37772172910778,0.608883615573174,1.68278554538445,0.957449592203751,618.314298966858,1481.06028805409,1481.4534367522,4050.31416408199,15463.2603615919,0.920754541241602,0.822197575754179,0.581110038932966,1.38108693931699,0.630977848488776,1.88081186957473,0.958670716111718,751.150479402747,1536.66315221879,1538.01859961936,4351.04421346785,14924.0718695651,0.901722041781784,0.811433833174588,0.546657582214264,1.35253817798681,0.606223513484808,1.8056793282073,0.948227042277366,1408.48321401067,2192.07840629321,2231.19432326533,5602.53033089541,14055.7579398013,0.814348054250235,0.729374580748403,0.430005082052789,1.22148585061932,0.527482898326005,2.0491488082329,0.897322404271792,2358.71094405731,2694.77422408365,3118.11563442682,6618.65922116673,13319.8769399204,0.69302643339445,0.660095547261787,0.332324766695132,1.03950819046798,0.480288666912038,1.42301051555012,0.818436813371634,3178.39593877966,3378.27709899493,3658.17085626714,6842.29509631834,10961.3520943969,0.556923965131998,0.534814240057802,0.231951737076562,0.835355801026212,0.41738653372973,1.58065722917689,0.712867316416273
G129,Elite lines,55.3510079166771,4339.63060002251,629.004287679839,1750.9905494176,1752.54145549663,4894.66548738073,13987.0310995958,0.911900540678924,0.773569646813514,0.476256754076697,1.36780290023326,0.523640953579847,2.87627306094775,0.953848068619784,692.23791982087,1908.04878387443,1909.49959308495,5348.19617860552,16624.0924046762,0.918052448310465,0.789638215297973,0.506005092998089,1.37703747844683,0.552787370761561,2.51381218797692,0.957207276874656,651.47356665483,1752.23406065161,1753.18302885804,4905.98819036337,16430.2490019174,0.922936261345139,0.806874851162184,0.540089446351157,1.38436242808849,0.585053351229166,2.23572064399077,0.959901646597732,692.762707397534,1655.1103355665,1658.98619805777,4644.87534502924,16108.6255488045,0.915044261785531,0.81194061322269,0.549749547357169,1.37252515669133,0.601021229345398,1.96419398991693,0.955522441826302,672.24586532864,1434.34568423674,1448.59383826106,4442.70573857136,16208.0902455747,0.918179529309521,0.83420056871353,0.563060247090737,1.37722607207356,0.614029504841571,1.65158212308859,0.957278341047264,641.993202361696,1481.90690107547,1482.51200123728,4026.46266609132,15648.8705601525,0.919085997102105,0.824350342419959,0.586698181292175,1.37858354058072,0.638530780581333,1.81120581508161,0.957783954355281,757.13804042047,1507.33810997012,1509.53442628397,4297.30225841071,15233.7102942969,0.903178736265104,0.817923728254242,0.556804747972829,1.35472554965687,0.616493497917166,1.72278425246605,0.949055067793488,1305.23287735678,2086.61272305563,2135.68148718966,5406.09884055908,14391.5097052488,0.830643098877187,0.744635633477645,0.451274244764597,1.24591944429252,0.54342255395692,2.00613185920937,0.907077779252392,2091.64193325762,2448.75889439453,2911.37491996355,6228.94278109206,13368.4147042329,0.723161903677296,0.687419350735483,0.359807654637817,1.08470561973482,0.498613248903864,1.41620580627941,0.838891982981458,3042.82267451906,3268.74189183693,3604.97981599623,6700.87175365369,10959.9337927882,0.552073387995289,0.529960751446958,0.225787173304722,0.828078844580237,0.41738653372973,1.61037082484003,0.70971442068316
G130,Elite lines,56.6027662499635,4347.29445888995,601.640722059449,1473.24480222327,1481.16930515004,4245.96377183186,13512.4062386541,0.911760700473838,0.785271251619062,0.489379568417318,1.36759068594256,0.540997910856505,2.39028475790312,0.953752880205619,690.116264831431,1689.40308592129,1697.14061647234,4789.77692849885,16246.888120033,0.917362323274873,0.794358129575974,0.510850626182275,1.37600219085173,0.562210227975479,2.24303674601719,0.956840660380449,633.702320699442,1484.00344636906,1488.96991773504,4300.6705326934,16035.1350820441,0.922702992838036,0.817166250628131,0.5560926828041,1.38401137192311,0.604483109323136,2.1151146559202,0.959749037963718,689.43612284691,1457.99499375001,1475.28044170486,4150.69232117751,15642.1049266688,0.913474126751415,0.817964464505361,0.557439036204778,1.37016799303754,0.613574786717646,1.77829614467164,0.954683324109678,665.684584522036,1369.86629933697,1386.68266020384,4268.92299865454,15951.0722730948,0.917375751207594,0.836660564347422,0.566476075054832,1.37602017860909,0.618316205575959,1.61046670305355,0.956826493581508,625.898289378016,1393.85914685184,1394.65114897543,3821.87438591279,15573.9404471401,0.920019230019499,0.830252040205382,0.595674917058959,1.37998279225713,0.648304573929224,1.73371573134371,0.95826539275784,748.343810175689,1463.25471312571,1465.84586312767,4242.77638504642,15740.5095112699,0.90692301505776,0.827634469390321,0.56993987810777,1.36034270633439,0.628258368326857,1.64374344293993,0.951072247213357,1157.53080123229,1891.04043666363,1914.39692757632,5215.5382789501,15713.1005021642,0.858809645045904,0.780289841821815,0.493323534074971,1.28817489896783,0.573067487723757,1.75022538909902,0.92305482440552,1742.14900778768,2180.59427457263,2465.67603518424,5962.67152317598,14323.0647826439,0.78051513138224,0.734888522914645,0.409884016992989,1.17073323508711,0.52328292095104,1.4426044625636,0.874959260448615,2854.28109189142,3071.99795931969,3307.68534880715,6605.73378503862,10961.6494414592,0.605816456212397,0.583311414456054,0.267687635281375,0.908690847155386,0.41738653372973,1.48616907519294,0.751755550194923
G131,Elite lines,55.9768870833203,4285.39406034528,666.712615912815,1747.40673332477,1750.49225910782,4745.33891767209,13105.5349855869,0.904545954264392,0.755418874012709,0.454201144102126,1.3567730335625,0.502701104888268,3.2160786077507,0.94981976180404,713.151376145333,1964.5858454775,1964.64758578066,5359.94168867008,15928.7250088715,0.915638319408972,0.779903430722971,0.495236077249982,1.37341741316297,0.538024394418404,2.89841296543522,0.955937482037825,648.60466596248,1806.77743380237,1807.75896404568,4919.891612737,16026.2372697277,0.92169388079274,0.792617316682065,0.520991937485755,1.3824980405286,0.564329163826391,2.4549247996583,0.959202373698196,710.821309243777,1750.68961532093,1749.17368234818,4847.64925921544,15628.4297560331,0.91216807608958,0.79976913376862,0.531674053249923,1.3682086720744,0.580464610790032,2.19904354428124,0.954014038968611,713.689904853896,1506.18845568371,1518.64864195813,4588.40534427865,15559.0922088966,0.91121332322545,0.824709478257467,0.549832245481072,1.36677728677098,0.602103103751911,1.72501125245497,0.953515672438372,682.862484021826,1568.89638902238,1570.16114060212,4146.95385421657,14973.9659613619,0.910880467197693,0.808119721322021,0.564969412805113,1.36627355809698,0.618534702164122,1.99120649332106,0.953334884826219,814.394092652449,1592.05489868849,1594.79448565948,4432.57171741191,14553.9454735828,0.891543347312798,0.800085658739601,0.531569107349993,1.33726740341247,0.595964876587635,1.83689673838801,0.942621077062426,1480.45269696305,2299.84795154325,2366.4383941824,5844.09458582334,14069.8512237831,0.807177013799742,0.718207698731934,0.414673900408481,1.21072334843473,0.513775381837908,2.17193588128439,0.893072696355612,2335.67882975384,2675.39359521746,3114.9372307104,6631.2506297469,13219.1360881323,0.691668198212522,0.658686324697433,0.3250627981363,1.03747080980049,0.471195659677241,1.4402077291762,0.817354024938493,3266.37912249183,3456.01950946825,3917.14830280702,6932.66744019272,10961.4434960165,0.541764434996228,0.525000392777844,0.222327816256139,0.812616435344015,0.41738653372973,1.62358963650398,0.700085845462999
G132,Elite lines,54.0992495833907,4349.94733311329,649.360110885251,1902.40677933967,1900.52270900279,5159.59497348117,14128.1320084615,0.910763752710608,0.766188675223805,0.470405057676314,1.36609901238092,0.516887315290083,3.19123274193972,0.953242115648436,709.716315686242,2047.3818266877,2045.14797322273,5640.09385465452,16721.3570998731,0.917336084206985,0.785325549073246,0.502282347567254,1.37596345633755,0.547298657683429,2.71427696010359,0.956835012822993,689.04819655602,1882.09923482009,1883.29861682685,5100.63610359423,16476.3061205884,0.919083626969248,0.79887078556973,0.531645337490481,1.37858572779227,0.5805950240621,2.25759701291366,0.9577229689849,708.682790604091,1720.90570378272,1731.62299293371,4685.01203732176,15994.7338291815,0.913315090329252,0.806113881474911,0.545163440606506,1.36992992562984,0.59724571414958,2.05644463921436,0.954619275000641,725.483599468298,1528.07960487807,1556.12894309578,4535.46814704047,15968.4956578863,0.91156306528581,0.826136176910249,0.556482361684889,1.36730097086713,0.609615639834447,1.70801588450045,0.95370057720867,678.396356335255,1591.54328734432,1595.46083179559,4145.20611513966,15414.475750882,0.913392840117475,0.811978069377456,0.574743804827832,1.37004207003234,0.628431357050846,1.96322510301919,0.954702912106512,830.579218528482,1643.90080671637,1656.95926935766,4440.58510455171,14996.4574748301,0.89126649321786,0.799365832518519,0.540302684293858,1.33685422205991,0.605349516712081,1.86483474018921,0.942454939114331,1685.54220393844,2475.45343382718,2722.96702471282,5940.35335474906,14654.998847927,0.788381619411406,0.708142499677025,0.420470065794407,1.18253256313779,0.534125293228519,1.95276145818265,0.881590602368482,2569.62300200473,2896.75465553259,3521.19501482691,6818.51697108149,13734.6138093546,0.679282173866501,0.64862540019566,0.332821912877225,1.01889190481718,0.490594030680928,1.4247157897084,0.809080800164501,3181.88171117544,3364.9592117969,3874.57142163986,6800.46415894958,10960.8126221103,0.542823889431137,0.526278051744544,0.225249545331811,0.814205660759567,0.41738653372973,1.59444996675094,0.701191438296449
G133,Elite lines,54.0992495833907,4271.54016162337,667.213168942457,1838.49539235087,1855.00127493709,5009.38481460265,13759.1580262592,0.90807291784297,0.764176795061831,0.466408375488174,1.36206200492472,0.514868283132734,3.13556454220879,0.951782319597276,722.648308002818,1993.79219483644,2008.16484068035,5486.9672049239,16365.0861206172,0.916107980823575,0.784321576780654,0.50066578718557,1.37412241744337,0.546515841783316,2.62929697239493,0.956187003905323,662.072560879344,1795.44374587494,1799.6779779342,4945.62331981656,16270.0154473329,0.921339532883341,0.800405860648152,0.531826863933272,1.3819682568177,0.577293143706121,2.27957312190763,0.958969501807646,715.335959705338,1733.90231972667,1766.21194287463,4809.18492910177,15804.9142964764,0.912432972768844,0.803916730294681,0.538145299749933,1.36860680073467,0.588891348321414,2.07659846649219,0.954157450715593,708.374436858673,1510.66619074619,1539.93980778764,4599.65816809083,15749.090071623,0.912922827535063,0.82638523070524,0.552361087729906,1.3693419783926,0.604148447828534,1.720618450595,0.954444220306815,685.390480825545,1622.65631588008,1624.46549868685,4306.51215111962,15579.428715845,0.914629558626264,0.812247374456778,0.569802469933318,1.37190255717232,0.622070173419505,1.97103151157633,0.955378825572433,814.768315216057,1668.5300088664,1675.62795053017,4621.58313147025,15405.3761565069,0.89804085587722,0.803472952869793,0.53627380389002,1.34701853159795,0.597344657999958,1.88325586864194,0.946226896423027,1478.45354465882,2300.99988254949,2376.70010384343,5876.14007179353,14562.5634853409,0.812860467440947,0.726715225011422,0.425412644019483,1.21925071832528,0.523209664030782,2.06426504630276,0.896321399703171,2326.62125671316,2639.1373167263,2953.41653275797,6802.34565221871,13759.3825083058,0.708573985246162,0.677682770211829,0.338189895114721,1.06282585756675,0.476970584558154,1.38886542362698,0.828615257858783,3222.02305810177,3427.72781751629,3758.18612191042,6846.46039631674,10961.3654881052,0.550683095693017,0.532042951030781,0.233753187085283,0.825993606454725,0.41738653372973,1.58148527647389,0.705654705213617
G134,Elite lines,57.2286454166067,4277.29235023087,632.841860907089,1809.82486360823,1809.91895438329,4976.83928017898,13946.8963514844,0.911539791666408,0.769295063208455,0.472252873090743,1.36726155732104,0.518779115355274,3.14211460311271,0.953664896305258,690.318327211378,1898.4026501412,1899.82909199613,5301.35914464435,16438.6418235247,0.91789321046025,0.78843543788603,0.504657267994497,1.37679868488846,0.550596699923275,2.59206998192362,0.957127105212299,650.756341481742,1644.56402534101,1645.90501033469,4698.37066670934,16238.3625740104,0.922123799998396,0.810368491187909,0.543141144546031,1.38314402624236,0.590013376801471,2.1751409548548,0.959444908914934,667.575710085668,1569.00775493787,1576.74136153157,4386.77411542591,15703.6091766923,0.916123197089192,0.812242913451396,0.550541327207663,1.37414266198396,0.600780364769003,2.00205071572372,0.956101861306099,654.056998282486,1407.47927386184,1421.51383010925,4380.17917843237,15956.3269446986,0.919391298624482,0.834621322150238,0.562997288592668,1.37904368762316,0.613347328619354,1.65846573471345,0.9579267688053,619.156964568098,1488.67980524652,1489.07510104479,4045.37937139426,15727.0783891969,0.922454067632267,0.824922851512286,0.587439594159549,1.38363532849738,0.637270361047306,1.84984547952017,0.959606377915465,748.905144021101,1558.80068411239,1560.24780245879,4403.21833191069,15520.8531925306,0.906824057887318,0.816335223780496,0.555298331865423,1.36019144554837,0.612865138698318,1.78431173910111,0.951057576341112,1280.53746653978,2173.39152552539,2195.40989983202,5628.21564407762,14987.0200382028,0.839972601775082,0.744196304438308,0.450200965689952,1.25991729519005,0.536567367901401,2.19605524801151,0.912524602310342,2092.54769056169,2471.04002554001,2826.28038410131,6349.79561442532,13725.3949662472,0.732865437276095,0.694595500790879,0.366294392604473,1.0992637603844,0.499526817017576,1.43987855310191,0.845192715288423,3124.54967890704,3337.90250581697,3598.47243241173,6825.37600853492,10961.2059223756,0.560283188455083,0.533962959033997,0.225690379381119,0.840395272057131,0.41738653372973,1.62636481193191,0.716496595252315
G135,Elite lines,54.0992495833907,4352.30544353404,613.653994770839,1607.93655704546,1613.48884339886,4613.97866108422,13547.4367417967,0.911328914429189,0.776686694161198,0.475940994086234,1.36694427676073,0.523876524984312,2.68771689930705,0.953548406878182,687.388422702154,1777.15610807773,1782.08420711739,5054.84843958558,16201.5519006308,0.917477869887791,0.790666110714288,0.505542086906221,1.37617520885028,0.552821534201425,2.41397884674358,0.95691108780955,666.057145174274,1787.88795392332,1792.29968626721,4976.02408664846,16344.5893251493,0.920821191032899,0.801881110616264,0.532157726514424,1.38119119828254,0.578913874292723,2.25709228886481,0.958710944045909,709.514436741747,1753.39724364258,1752.24825567626,4884.44122715025,16108.7616201541,0.913885624752098,0.806258974864853,0.540924636959161,1.37078715343868,0.591172100051959,2.07683165576419,0.954930457549033,706.46419054789,1505.1934034476,1522.76951276384,4644.66946333955,16186.1496869483,0.91458931768091,0.829504032545812,0.555359855328755,1.37184259175442,0.606893895278699,1.68718604430962,0.955350961818421,644.099866364796,1536.19596107154,1536.604646425,4247.60306340992,16042.34893591,0.921042981239357,0.824012916408716,0.581931711878134,1.38151961397496,0.631929762969876,1.8414525937109,0.958850110628042,782.585174745794,1601.44657888578,1604.03259593042,4567.23146217421,16157.6265626038,0.905585286285956,0.817020530031162,0.552681599678613,1.35833573962351,0.611127019669695,1.75545247390881,0.950383547948068,1672.13612378065,2649.52300810279,2761.38265575152,6536.25262057634,15544.1192638341,0.79891073848361,0.703521873506726,0.400880192768849,1.19832999825599,0.503229216992375,2.33530592624382,0.88783610139833,2338.26670776547,2760.03552536774,3153.0780753074,7068.61691013479,14239.5398426828,0.71553928766539,0.677419099928783,0.338486511270429,1.07327641778282,0.468806806862106,1.4889203556478,0.830998940565324,2874.21218605736,3117.08540917415,3241.00054961289,6577.67836356011,10960.7623295986,0.590443157288909,0.566805952937327,0.257087677114009,0.885629504687635,0.41738653372973,1.55409627909503,0.738456712897729
G136,Elite lines,55.3510079166771,4288.04693456862,659.371171478077,1822.96552261527,1822.79961739866,4982.7298746448,13731.0497183484,0.908478114554898,0.764467183622757,0.465584785926949,1.36266896619061,0.513319718778204,3.12241987792884,0.952002332488546,706.584348797071,1997.27552090677,1996.27273799005,5489.28730567739,16421.1781267652,0.917102891009768,0.784706794123469,0.50113299498829,1.37561399705806,0.545920973029265,2.72657383636303,0.956715824919256,674.106005450032,1817.52082548358,1817.83091774984,5012.02772518317,16370.2981681129,0.920184836296147,0.801297073137885,0.532137066822632,1.38023615605025,0.579396733517141,2.25259693391722,0.958351762139743,700.722749000812,1713.32434448209,1719.45280684338,4716.22946466039,15933.0254721336,0.913916707747167,0.806106172245611,0.543101695305951,1.37083177803652,0.593832894847369,2.08109708218229,0.954944952881049,699.072367867032,1470.9636065255,1502.95008650781,4506.01510384511,15943.9738570686,0.914230609500999,0.830077223302093,0.557610499262558,1.37130072678071,0.609779888122019,1.67600667223182,0.955162338812146,658.256648465624,1561.70017834064,1563.80975369162,4149.52405874142,15613.8066212047,0.917262313572942,0.818069406227581,0.579756727770066,1.37584721434476,0.631872152550973,1.90375828113357,0.956819217980975,823.936768024446,1631.34662196285,1637.13582440127,4481.69726466025,15469.5633921149,0.8967146176734,0.808471236815473,0.54896087056192,1.34503113127008,0.611885737687008,1.7916340037381,0.945511676492551,1510.32238433217,2359.10840219738,2484.57961566444,5782.57214520119,14850.508620811,0.810454691400232,0.723200805344008,0.436244437085639,1.21564476473117,0.538495488186942,2.08527669912124,0.895191358311911,2364.66306348404,2742.76435270468,3256.52066898714,6504.22553730572,13452.828207385,0.696462059853417,0.659030556641053,0.344225003935476,1.04465916372376,0.495304022327813,1.47452758455817,0.820899192541638,3371.73154151927,3561.20863532756,4142.95451318922,6828.95055648866,10960.4618146913,0.518021960007802,0.49728021717605,0.214119318765859,0.777004332428527,0.41738653372973,1.77562108969297,0.679068531718307
G137,Elite lines,53.4733704167475,4335.20914298361,623.498204353785,1570.60513941182,1575.43233903526,4539.90443567648,13634.0690639397,0.910888021149792,0.780457081213453,0.480962003562194,1.3662832413289,0.53108877532352,2.49612324678566,0.953300004689805,679.103865124347,1755.5862812576,1760.52160333826,5014.8267015878,16421.9298753012,0.918365160355541,0.793858545692658,0.509612716012975,1.37750597160984,0.558291857790273,2.34226526036012,0.957372658948317,652.828325315106,1613.7505612883,1616.15761218521,4617.23278390202,16292.9893070025,0.922028349325245,0.813936268785686,0.550175444803202,1.38300027002556,0.598550322413795,2.13767415708645,0.959390413303745,696.920938085814,1564.26940537497,1572.64193042746,4383.70811809801,15921.7315501161,0.914122628289279,0.815066779509588,0.555478225402884,1.37114188039076,0.610088910553981,1.86004359136377,0.955046214323033,685.783697878974,1416.43474398681,1431.71789115196,4385.26741180831,16155.727903979,0.916638477799601,0.835219713223978,0.565137806897136,1.37491677271887,0.617019660323437,1.62353931753368,0.956452702059359,634.493478510662,1462.43480158371,1463.88126629983,3996.44267724101,15784.9338884607,0.920802445990373,0.828101193344331,0.591619869643962,1.38115793446494,0.64301473251519,1.77729732925382,0.95871989502785,780.339839364148,1554.87151178495,1557.64958394509,4440.41090048346,16020.553821142,0.904864641968088,0.821723319200022,0.561529184784943,1.35725589471377,0.620365070968706,1.69881362207637,0.949985061625155,1354.85889337949,2266.69793703047,2358.80789212677,5909.65328994556,15772.7897049104,0.835954527891009,0.744504604201843,0.448988916792431,1.25389288490054,0.536942061040466,2.08378557307851,0.910111248144596,2230.61098248187,2573.48049240413,3002.82626325862,6608.28982586541,13697.2941553294,0.715258789695233,0.681385798087574,0.344955739792432,1.07285211576044,0.483367449614301,1.40982964567027,0.833417033517199,3570.89301737247,3755.12680220722,4163.9640659049,7326.58262469548,10963.1504529689,0.523524721405317,0.508238387292534,0.209420579337449,0.785260842156086,0.41738653372973,1.60129825441563,0.684586361488769
G138,Elite lines,56.6027662499635,4294.53173822568,669.215381061022,1926.59753796627,1926.72314854542,5203.03810766662,13865.3682743102,0.908096487330819,0.758301394508731,0.459534197665178,1.36209733082346,0.505405617115231,3.30905191372721,0.951755168934713,710.120440446135,1981.19863135139,1982.68176348684,5410.98390524696,16323.7977779474,0.916326809477683,0.78294259228197,0.499970535864031,1.37444997329885,0.544665283106148,2.76998028829672,0.956278220059707,621.828259500551,1684.94028858248,1686.8955195958,4714.76425428422,16178.0835422106,0.925530955610231,0.805053121015457,0.538995886856288,1.38825185463046,0.580286129437026,2.39210901269692,0.961342150687356,713.316247656745,1657.14105680774,1664.62291582592,4608.08337709442,15598.6301304687,0.911347661241858,0.804514938540732,0.538903873173098,1.36697752633974,0.591274497696515,2.01565224961979,0.953554938725552,689.604190500541,1458.62495879777,1473.80964295314,4512.47324620688,15673.0356141998,0.913751738679084,0.828341814024909,0.553599869948698,1.37058348984065,0.605199297162075,1.69701672094286,0.954865707591256,660.616112149095,1528.25896399609,1528.8771256839,4138.11235065106,15327.7306149633,0.915167244559305,0.815640217685708,0.572834176636753,1.37270598467964,0.625070839330799,1.91781587849488,0.955641353447058,804.290083435041,1573.65487217953,1577.28056827083,4442.24004320015,15042.8482494751,0.896218316890308,0.807935902992231,0.541205614484008,1.34428484551741,0.603903912816762,1.78441546671449,0.945195428778363,1444.23276109813,2251.85082628344,2320.39226108807,5770.46335470101,14465.5685308783,0.814842883322362,0.728890388747677,0.428839101497365,1.22222516244693,0.52601739444512,2.05239835607,0.897384664228819,2421.72577364037,2770.58280638335,3225.60346920018,6869.87016685946,13467.3784296388,0.69162914571035,0.65839472210447,0.323888560731032,1.03740961755288,0.468285717246916,1.4488957793864,0.816752748860668,3163.33537590472,3375.55583293786,3641.14227620153,6928.10301742102,10960.7621618553,0.539447094598117,0.520986191863458,0.215073977511018,0.809140091063003,0.41738653372973,1.63276868152672,0.698662806444915
G139,Elite lines,52.8474912501043,4307.7961093424,629.838542729241,1855.51851879181,1854.12304791332,5110.26124482989,14023.1104201977,0.912012820582161,0.767332317870153,0.469156049808889,1.36797027995369,0.513956127769851,3.28973275423684,0.953916594631403,687.388422702154,2007.18960279925,2006.20460397316,5596.15694663522,16676.5991485756,0.91842761654553,0.786765959386119,0.502873120644586,1.3775995322462,0.546542554751571,2.74785265531673,0.957405082561724,659.841193674183,1794.49927188099,1794.64200108213,5025.9311475568,16454.0980562411,0.922094419512042,0.804289117802579,0.534549915436395,1.38310060784901,0.579740543894706,2.25236667828806,0.959428465919775,692.64390080644,1617.60968331158,1623.37239034082,4542.30379805945,15876.6919333954,0.914134369747984,0.810856103400583,0.547821927617924,1.37115892217459,0.599575208452113,1.95907344648021,0.955019538151408,651.150101722598,1387.97625003413,1399.73208442192,4306.59549576488,15592.1874212784,0.917988324496007,0.833291502724131,0.561257550925557,1.37693994277585,0.611989582357758,1.66392669489695,0.957178749321254,602.809251904046,1395.44654626693,1396.34485215156,3848.5017047903,15105.6844102788,0.921357125041856,0.825582950480703,0.585623420276345,1.38198478776098,0.636071376951148,1.81818986083365,0.959014879173478,740.672247621731,1472.2630594374,1474.12167024538,4234.67589587249,14747.1070611132,0.902967440492579,0.817209977004332,0.552224089928229,1.35440855109148,0.611989693192559,1.727923877816,0.94894607418206,1495.50513784198,2281.80103244556,2383.2781228569,5882.37793356635,14652.235458911,0.809992850129868,0.727285754873953,0.423783434728441,1.21494524231729,0.523373111221903,1.98850056825894,0.894840157669394,2340.20761627419,2602.61735620975,3088.93210939427,6670.25930730902,13050.8644338225,0.689292102981282,0.663074135132086,0.316800903633747,1.03390678674009,0.462104250113108,1.3687780255083,0.816073576369828,3160.71888047234,3362.06280201836,3545.76262537726,6990.5751170434,10962.787332282,0.570663831908204,0.554361471062672,0.238298181735056,0.855965943956291,0.41738653372973,1.53212967547443,0.723376758514847
G140,Elite lines,52.2216120834611,4279.4987842934,621.6628432451,1766.5204191532,1767.17857255956,4929.41999472909,13981.2276429874,0.912346573550474,0.772578257308909,0.474974412316215,1.36847232838911,0.521290215510988,2.99800337708799,0.954090667937338,691.48018589607,1958.55701189424,1958.76687565908,5467.97138000466,16599.8629710926,0.918114005679151,0.787580648371625,0.503546817613515,1.37712997351893,0.548195592390025,2.67944787261657,0.957241590928833,658.725510071602,1692.02384353713,1692.98553811459,4782.82876978499,16199.7081434551,0.92100058344837,0.805534374855769,0.535979838796863,1.38145879023004,0.582992913774567,2.21229543552358,0.958812067060641,714.860733340964,1601.90543904598,1607.48709481239,4455.61969178878,15544.5417689989,0.910958620050842,0.807313713685025,0.543466092175287,1.36639454219891,0.598047512479799,1.92671324210452,0.953311150173528,673.491678140021,1407.28026341462,1416.90237944572,4337.51629858792,15439.0644469996,0.914614626333624,0.830657247814446,0.558032789109816,1.37187633488105,0.609910315270916,1.6675555412232,0.955352682083013,633.650812909422,1446.56080743281,1447.15594743552,3929.72016777575,15176.2696438997,0.917453208914106,0.822004354849731,0.582524808714404,1.37613439299933,0.634771097078096,1.8295129869387,0.956909887120277,775.10072347364,1528.42147367831,1530.51263502422,4337.80470428036,15043.2481699462,0.899329499113245,0.813759761764856,0.550522345437722,1.3489539463588,0.611589487156665,1.74231541573905,0.946938854106534,1509.4992039716,2278.85720876296,2432.21858431717,5766.7940242464,14363.8758150885,0.804603077014166,0.724167076147093,0.426043109577182,1.20685973442159,0.52924809134041,1.94842593637511,0.891591907810562,2219.35371313131,2510.85601137394,2916.72041712298,6410.77753441166,12938.6833309493,0.698704754535042,0.668599214658254,0.330976089024491,1.04802428285779,0.474811997056305,1.39585018698395,0.822536689739808,3674.79568389598,3828.53550116112,4395.04722517897,7401.32537428328,10963.1078118168,0.512289924776716,0.494216095212435,0.201067987049045,0.768408981553367,0.41738653372973,1.68080577977866,0.675423326937244
G141,Elite lines,55.3510079166771,4365.27505084817,633.175562926849,1881.35185979429,1879.73800277343,5226.30595580662,14231.8250946101,0.9126406967265,0.770334110598878,0.471440965645529,1.36891314336045,0.516321759211974,3.17771227712722,0.954258705052273,693.147200530629,1965.79161219416,1965.56236291068,5557.44026531129,16745.2973994044,0.918339010121271,0.789180906801827,0.504483506401703,1.37746707298431,0.549533649020266,2.57871217080282,0.957360184197336,661.036568962662,1776.79038449437,1777.19175571097,4992.93645864027,16466.6425129496,0.922088871072642,0.806585827614802,0.537962056607363,1.38309134360424,0.583782886914452,2.22361366350681,0.959423405185213,716.880445389557,1699.38005862556,1699.72429465486,4758.31724616158,16079.3021729637,0.912712709871117,0.808767999173683,0.545060409946358,1.36902604926175,0.597489068574218,1.97649505509885,0.954277163379297,664.770988460357,1443.99769092699,1453.20528892459,4472.5501843341,16061.0516278898,0.918674114518917,0.832730188612415,0.560377283455536,1.37796894065527,0.610841774570462,1.6803501075492,0.957556422820162,627.078021219752,1488.25649873583,1488.96924459628,4058.43601038053,15812.2227800766,0.92206235212199,0.825928864991838,0.588257537252864,1.38304923120304,0.638274854755762,1.82743616646051,0.959397406498645,773.978055782817,1585.92155651884,1588.05836358692,4468.10934733624,15798.3979994584,0.90512913402413,0.816094530589256,0.55535601974264,1.35764878803135,0.613655262005082,1.77193987628369,0.950140614068991,1456.58046650662,2310.08733826535,2427.21928986692,5829.41726400494,15117.5901692102,0.818468707410104,0.73183339732995,0.438787762067932,1.22766524807023,0.536000628154305,2.04724334057911,0.899967301927751,2435.05334540024,2744.47828586971,3246.69651204549,6975.53924278721,13960.0867190898,0.700532196043732,0.670988687863049,0.332157496763416,1.05076451005288,0.475869948140303,1.38831024845096,0.823796891118373,3442.49731381193,3628.37846209957,4080.67056796213,7041.09566141636,10961.8613969614,0.521575334746536,0.501136003774243,0.216092215721355,0.782335109483447,0.41738653372973,1.6802099464609,0.683102999199275
G142,Elite lines,54.7251287500339,4353.48449874442,664.877254804131,1838.94336936247,1839.33955967977,5014.83361448354,13899.5597234853,0.908901170118272,0.766724240684734,0.469498309630829,1.36330537265205,0.517963818657374,3.01108558722585,0.952236911006494,721.840058483032,2006.92165464,2006.20460397316,5525.68388624783,16536.94740131,0.916536414650218,0.7852566038349,0.501845823239764,1.37476464601232,0.547978105091574,2.61147330539794,0.956419120863297,637.129063193082,1736.65023975139,1737.48951959807,4779.30103574989,16245.5099970187,0.92399629161126,0.804091246579403,0.539955903851243,1.38595187399905,0.583469504520453,2.32896137856581,0.960476731537125,747.532545891733,1736.06842238399,1738.41267569989,4758.03851913178,15879.1412176883,0.909612991105226,0.80397444979502,0.540229619817154,1.36437618524778,0.595471606338978,1.97408030867316,0.952645598553064,713.523796479045,1506.98449747259,1521.19965721881,4563.15987868262,15851.5100742862,0.912468880680359,0.827003864219552,0.554588964134685,1.36865996598174,0.6070296401221,1.70515906213235,0.954212053178926,682.693950901578,1590.27336781225,1591.22657385526,4217.06903365463,15796.2153296874,0.915571106015181,0.817076279017462,0.579186790088165,1.37331251183294,0.632200734751867,1.89028600095136,0.955900987974459,830.298551605777,1657.02999229829,1660.42356070926,4587.5262361261,15820.8935259565,0.897955121228109,0.808382394634872,0.546489083968912,1.34688979142462,0.608482161663171,1.80012901959654,0.946206632317486,1595.93314183107,2382.6589916582,2499.05125749409,5962.73627052212,14882.7021028478,0.800910476285557,0.72281888622182,0.426252391859173,1.20132845517885,0.531765422462777,1.9425368895735,0.889328716134536,2702.89871960341,3006.97374214572,3507.03667099924,7397.35143022312,14240.6505466717,0.678072253480358,0.650981937132483,0.31507269723538,1.01707730596211,0.465927059447081,1.38981765359921,0.808207835186773,3266.3626667241,3448.38166198796,3735.36508974465,6871.24816982422,10961.3271129004,0.533775371904844,0.518271506117089,0.225631220186008,0.800634213774466,0.41738653372973,1.59376133214859,0.694301265907446
G143,Elite lines,52.2216120834611,4296.30032104124,635.344626055295,1661.39514709685,1685.50345934845,4616.04036914726,13642.4596036145,0.909987490863342,0.774011417778604,0.478308336945754,1.36493307123052,0.527993082919551,2.66474404057398,0.952803515328773,695.723495874947,1829.00407689382,1849.64703229198,5079.64451638855,16237.3466963068,0.917194293752098,0.789181847086736,0.506185174629713,1.37575098976209,0.554045701087517,2.44303009463655,0.956753953297051,647.887440789393,1688.24594756132,1692.28284367011,4738.62833746284,16315.7443680086,0.923108937596968,0.808244525818762,0.543759873529337,1.38462156874365,0.589318613999094,2.21087137568301,0.959998233222772,710.108469697215,1637.23998864358,1681.27685468636,4533.52389662046,15889.2785332342,0.912676910517906,0.809878796870701,0.549496773775833,1.36897225554022,0.603542250317196,1.91641969827686,0.954236164865856,709.869412232329,1496.63595421707,1524.535600252,4510.1248308026,15917.7926862708,0.913516264024459,0.82788864893235,0.557051282767531,1.37023318817953,0.609331362122278,1.68471034863117,0.954730027943391,651.852389896201,1513.86654263261,1517.23291634799,4050.51978044397,15401.0599829367,0.917512928143445,0.818384336034857,0.579639203891152,1.37622590104012,0.631581810735994,1.87879162109667,0.956911702762633,810.277644452764,1594.16323505931,1603.84013529977,4451.12445068123,15101.836518959,0.897053704385313,0.807711050398487,0.543215720243408,1.34553742601166,0.605530077907823,1.78321869016017,0.945613866336839,1613.57272098607,2344.13329911631,2447.47958842843,5938.02944546114,14393.7204164616,0.79586707846116,0.71909852212448,0.41677047658685,1.19376400866306,0.523002432848181,1.87443329148907,0.885520974026372,2269.68794045741,2560.82375518539,2850.84077645544,6659.76646682554,13647.8678278259,0.708958454312518,0.682054969380334,0.342895154233854,1.06340361508428,0.482850401273676,1.37401926623028,0.829299994751292,4896.37882111878,4947.10539228389,5830.50500189572,7944.37449719359,10964.7497291857,0.446072929182772,0.435392699625903,0.191794222916437,0.669088416666534,0.41738653372973,1.64886729902684,0.606227480596196
G144,Elite lines,56.6027662499635,4286.86787935825,667.713721972098,1854.92121610967,1871.68758838883,4991.86029606683,13588.7601496954,0.907374236380549,0.758789306182308,0.460831024074524,1.36101378794979,0.509233277424124,3.28503572284943,0.951398879362571,718.202935643995,2017.10368469174,2020.1876258178,5476.52675153317,16182.6425336098,0.915980754129326,0.780964033609354,0.497374014226593,1.37393109153093,0.541635844859858,2.83800904427138,0.95611885383454,701.041795283759,1875.48791686242,1880.83918627119,5116.51090675218,16250.5058998357,0.91633078345862,0.792825378089226,0.519872884449313,1.37445729953914,0.570407401830652,2.26725071445794,0.956115683217815,714.029087203308,1730.78854715676,1738.28456847789,4732.95308644895,15542.772841454,0.911511873816965,0.799292330794932,0.533293087763832,1.367224665339,0.583718697424176,2.16560065014745,0.953645589691789,703.557293988002,1533.25387650583,1545.33618622368,4627.05634780744,15558.3547111277,0.912005688939594,0.822873614427015,0.54796157835101,1.3679644571492,0.599471940384703,1.78035196556173,0.953922537170275,673.171829607568,1606.78232172918,1607.74017982255,4283.17469403393,15429.1111340949,0.914238893538063,0.810970674647756,0.567946925766014,1.37131407588281,0.61989811741431,2.01332506926853,0.955143694562915,821.317210079192,1666.51750596698,1670.23905287213,4602.15937785965,15214.2141713318,0.895385540004338,0.800691546407411,0.533365412837931,1.34303353504608,0.595887288302825,1.90874544342527,0.944723540638783,1498.09227611804,2311.36726160561,2366.17527342187,5878.70860311175,14570.853652389,0.810035738030411,0.724350673210709,0.424265338570205,1.2150171568902,0.523882044885818,2.06764488086525,0.894562236499754,2319.89277388293,2676.18464129364,3008.31623331425,6818.64041626365,13772.7109561719,0.7110207522157,0.676668079998291,0.340855654649026,1.06649286224079,0.478470721177652,1.43002977206775,0.830123811986498,3106.69071381194,3293.07940599836,3538.72240481451,6729.34050458043,10960.6893025964,0.552805159299664,0.535539136398996,0.23153898411429,0.829174306524439,0.41738653372973,1.56121480876033,0.709946316414202
G145,Elite lines,58.4804037498931,4319.58666144614,657.869512389153,1999.16981384608,1995.2248563999,5283.15019240183,14024.7885281327,0.909782848867014,0.75740777389353,0.462180200536903,1.36462717046576,0.507224736225424,3.56788201851818,0.952711893872147,708.604972596536,2155.23096078836,2149.955295834,5843.39268317946,16753.6244601109,0.917500811939038,0.782224556167825,0.499771208768978,1.37621067509593,0.542636966172502,2.98024432528726,0.956922870767715,696.45952334459,1994.01940310348,1994.9099177578,5326.61859560746,16553.8702468063,0.918654696565447,0.793322319171429,0.523888412130767,1.37794251415713,0.571643870858804,2.32477631316332,0.95746927774409,717.118058571744,1847.89347206835,1851.40324550691,4976.28178347238,16113.320010366,0.913117662952284,0.800596686173963,0.537968989619633,1.3696329913861,0.587731445189189,2.21015344175012,0.954518366511162,684.78704762987,1545.59252423356,1560.44604584462,4651.91041083609,16013.943957898,0.916387606667981,0.825450407637754,0.552840231254159,1.37453821295843,0.603175719673865,1.77876017476361,0.956321476039339,657.75104910488,1641.9167621165,1641.93181269072,4393.48787224074,16245.033748219,0.92093727190794,0.818341784085559,0.578756689916613,1.38136553646123,0.628278975795867,1.94876017780087,0.958791451003902,780.90117320956,1670.54251176581,1672.45235012454,4677.67684144885,16503.4577899681,0.907922056295283,0.81401148429668,0.552856122882191,1.36184417286047,0.609696163429381,1.83388968918427,0.951657302313907,1461.63714586439,2541.62547051871,2580.48713288092,6359.75782571001,16425.3640210455,0.83130120802787,0.728389235509216,0.434537549132892,1.24691517196811,0.523572253222601,2.43748623545969,0.907508502940023,3318.16671686723,3915.62200164058,4613.26563720837,8929.18269562907,15694.6731384667,0.655287230676881,0.609652455821821,0.283306200800753,0.982905527765494,0.43441192646337,1.72653378226786,0.791716094917286,3223.84215262083,3540.43441164466,4083.52542318568,7241.53908998245,10963.6715971409,0.575716985085024,0.544181386108928,0.226977461132897,0.86354705630719,0.41738653372973,1.74194951823956,0.726773642988571
G146,Elite lines,56.6027662499635,4308.09087314499,611.318080632513,1745.16684826675,1745.95475281832,4886.86044971352,14049.9601471573,0.913539325018706,0.775622065081928,0.478952236692533,1.37025947195514,0.525318625002447,2.92991470986226,0.954738514364376,687.691516272073,1923.32182895204,1924.13602716533,5401.12347704461,16768.2546431577,0.918555370128871,0.790714433131656,0.507431714564487,1.37779192697838,0.554107400774731,2.51372350160087,0.957471619790946,667.650978892246,1737.4766544961,1739.01202422777,4913.35492908372,16533.1573066597,0.921642762427963,0.810472412741028,0.54439048689091,1.38242359980597,0.591874963504497,2.16673477776658,0.959170832269954,685.396698749724,1647.79973909803,1655.91162472969,4668.56714256302,16339.0623793679,0.916450681584013,0.815260840052995,0.553992433819217,1.3746351741244,0.604955219053588,1.93669347253012,0.956275427812383,638.276702671667,1403.69807536463,1419.06093082013,4376.46085404225,16353.930429385,0.922770851651111,0.837455583212409,0.567766779057234,1.38411346429315,0.617093903876726,1.64993444405422,0.959744110283656,609.297777033592,1447.61907370954,1448.63793771464,3952.64639213746,16017.1181450584,0.925053141974291,0.831893200135864,0.598676280885815,1.38753769709807,0.648349289925971,1.77081484147827,0.960997707381364,734.123352758597,1519.70062778083,1521.85190664522,4344.33735683998,16087.3405398119,0.911448925072107,0.826366759924159,0.570921331352052,1.36712721482514,0.626575124691789,1.70440124164678,0.95358535746577,1167.64415994782,1995.86615823107,2025.4338885238,5321.82655111839,15465.7771852297,0.855670266000075,0.768086106185596,0.481471396152426,1.28346873949928,0.561600248951588,1.94771966944854,0.921479240393749,1893.92805316948,2338.80348980679,2679.49592156135,6094.3875325392,13884.2256366518,0.757149495490722,0.711297889013352,0.389616295075201,1.13568733988239,0.512269438815916,1.49711709280671,0.86064453612556,3180.03477322317,3344.40176678342,3846.86856009441,6972.4824050929,10962.3114606903,0.55673243237873,0.539727309833564,0.228830238961594,0.835068447199539,0.41738653372973,1.55830614766286,0.7135797352397
G147,Elite lines,54.7251287500339,4293.94221062049,606.813103365742,1768.61097854068,1769.22776894837,4946.79724840327,13915.0123007199,0.913409303478368,0.771057173953779,0.471738012096933,1.37006545779622,0.516155240212001,3.16117054822699,0.954670077222967,678.901802744401,1915.5513323336,1916.55644523085,5376.47240653873,16549.3801655593,0.918680130541345,0.788828230486384,0.504647169849504,1.3779780984121,0.549269759843026,2.63535857251073,0.957536340914154,654.183083975382,1696.39203575916,1698.84132515189,4826.82168834037,16389.5159840588,0.92228824297543,0.809176043878414,0.541640269470896,1.38339152436718,0.587787417110811,2.19006389095654,0.959532191892328,662.82344644192,1611.78828242002,1621.06646034475,4596.09811481263,16255.2424280086,0.91799646949375,0.816382623122947,0.554524463266219,1.37695429421957,0.603722695319034,1.96436484847826,0.957079615452737,641.598870168681,1446.48532151725,1457.12992778717,4513.1582006998,16538.2126844019,0.922845643047979,0.83539799642607,0.564044921936953,1.38422651756821,0.612979469733665,1.68076226955129,0.959783929188685,596.236460214375,1455.66189741266,1456.57717135276,4067.58593848902,16143.195873362,0.926811509111316,0.831677626232846,0.59362935245268,1.39017515983277,0.641634413575611,1.79576838762133,0.961930178499829,715.599335860015,1526.7923046645,1528.87671966374,4424.47122823798,16344.4894027148,0.914930897670778,0.827446563707885,0.568370522230254,1.372354724034,0.6223404541008,1.71984605926244,0.955463341872212,1168.11454872529,2016.60091634331,2044.90482480369,5427.0140241503,15890.3719075424,0.858991825751063,0.770608876247201,0.48334263798602,1.2884514392359,0.562551297374929,1.9403501086286,0.923340139310249,1835.70079790792,2294.76859156662,2587.32221378527,6052.41617060527,13988.0764596087,0.765336692928907,0.718050380181136,0.39511537750436,1.14796782587052,0.515969754502305,1.48702713205811,0.865740794175862,3140.86429748543,3354.64516721969,3722.11272051725,6905.33589660793,10961.9116416361,0.565293123006582,0.542573566899877,0.235404203217295,0.847909555245663,0.41738653372973,1.56658074788548,0.720639404887619
G148,Elite lines,55.9768870833203,4368.5174526767,615.322504869644,1782.946242912,1783.27940132877,4918.08060038238,13914.6626949001,0.912888787046326,0.77086581157963,0.474456237485654,1.36928355002081,0.520020730243329,3.11736504900516,0.954392644226575,687.186360322207,1948.77690408138,1948.96569212311,5407.7937667109,16613.1631374988,0.918370525977397,0.788297634014527,0.505172098359089,1.37751440728977,0.550630585653587,2.64585391819851,0.957376877017571,664.5430031422,1808.43026329179,1808.5787742309,5056.85069880562,16586.7629792221,0.922213570596941,0.806503379309395,0.538966652491807,1.38327911662916,0.584769347774842,2.2248768350915,0.959495643633391,679.693982377226,1715.89659138766,1715.35337573927,4821.30955489847,16374.3048589168,0.917037254291739,0.811473368387798,0.548679077480295,1.3755148854656,0.597074754226767,2.06157499042395,0.956582664396066,638.94113617107,1441.90808123116,1451.43920143643,4479.20402797956,16403.8037160104,0.922622201098025,0.834876626652468,0.563634408111487,1.38389156477279,0.612538154745709,1.68704163732176,0.9596661060876,629.606018023471,1505.61206567414,1506.01213280611,4092.46551828962,15977.6331007651,0.922468467405882,0.826002445459027,0.589152154715322,1.38365814738386,0.639277238167952,1.82879291273241,0.959618788077222,744.788695821416,1541.45482578883,1543.02257601611,4381.44282337862,15638.1298706741,0.907697480100596,0.818878906790444,0.55867295052458,1.36150181081743,0.615876495062969,1.7581371074927,0.951551185426442,1260.78113788619,2073.55750498496,2098.84458071419,5409.76817101368,14687.1923299638,0.838754487058777,0.749954310488963,0.458001520996939,1.25808796967212,0.545918557622642,2.03500263718846,0.911844786514473,2140.81161547849,2497.27638706634,2911.23044706735,6378.55834186827,13767.6017178232,0.727228768121664,0.69150341231139,0.364689482715127,1.09080758048901,0.501134082393515,1.42733112108605,0.841513833750652,3271.45820186058,3450.65055475683,3804.01279105934,6915.06966565121,10962.0012146247,0.546329517576836,0.530951757196585,0.235202962977434,0.819465907704554,0.41738653372973,1.54963704316646,0.704917409709268
G149,Elite lines,54.0992495833907,4325.48193749802,638.681646252904,1803.2545341047,1806.40604628819,4996.86730136278,13972.9769456404,0.911243073389968,0.770244970841841,0.472071929954475,1.36681631723445,0.51899362963645,2.97317319091094,0.953490761201523,695.470917900014,1932.43206636675,1934.19857559559,5403.87859668938,16600.9616804914,0.917892120586436,0.788677980952219,0.504872881486939,1.37679715151766,0.551030505065074,2.53987851053282,0.957124415373155,657.291059725428,1761.44268209264,1764.89460293264,4904.43183711259,16388.1302591898,0.922301793712892,0.804712823565918,0.53754329818496,1.38341137797841,0.583247760834654,2.25342525584381,0.959545732064452,683.02056692785,1642.11371962256,1648.22519140948,4646.8264342379,16048.550047952,0.915902950027369,0.812108982239535,0.548393373616845,1.37381293383945,0.598264925171305,1.98905454116471,0.955985132702846,661.697983525619,1430.76349618676,1443.29557579657,4418.34092875194,15916.5942523963,0.91847564842113,0.832540396015898,0.560410661049391,1.37767013193323,0.611007845878618,1.67698785525092,0.957439941209814,634.324945390414,1482.54186084151,1483.46470927386,4040.13615416356,15583.2400135567,0.920182358454493,0.823287492934715,0.58428378762953,1.38022915782696,0.635246252356269,1.83972590101614,0.958368501842622,757.13804042047,1540.30482413202,1543.02257601611,4388.23678204062,15428.1716233583,0.905047520054651,0.816651047945286,0.554020226997072,1.35752701459938,0.61257636769778,1.75449014745337,0.950080173048659,1431.76745849527,2223.05255112755,2298.02699644225,5688.39266353308,14557.8657240137,0.818106847886335,0.732555271559623,0.436187030217483,1.22711916131997,0.532656514018746,1.99031618862256,0.899396027724296,2312.5173215498,2623.0527131775,3039.37790599741,6570.02181939624,13265.2303036693,0.6978964725511,0.666383497309204,0.334364398386448,1.04680879615206,0.478829310447567,1.40618664260904,0.821768290912803,3242.57029875297,3463.93980199935,3999.97911358806,6892.11658127115,10961.386563725,0.533866147088996,0.516862513094871,0.214119847428322,0.800769660120324,0.41738653372973,1.65746811734668,0.694377746188863
G150,Elite lines,52.2216120834611,4317.52331482799,660.455703042299,1882.09848814697,1881.20171447973,5126.60764447255,13954.3079948638,0.909551891425911,0.763834156098439,0.465848586609487,1.36428007851084,0.512770610084142,3.1200208521352,0.952590274366707,718.607060403888,2063.45871624308,2060.96054932742,5607.03241891723,16536.8895744996,0.916669653698256,0.782892786473159,0.499997393878296,1.37496396111481,0.544686960666915,2.78015177272476,0.956488475619592,676.098297597497,1845.73698605292,1845.47023256589,4978.72176561648,16317.2394922093,0.919627510355887,0.796833528296141,0.530213352628289,1.37939993524025,0.578140587215202,2.29367084695154,0.958028643277857,703.811720369249,1693.15251348576,1700.62104520888,4641.25189364172,15890.2310326815,0.913505132873347,0.806566551201919,0.544424654377888,1.37021542916015,0.596147903632797,2.0589977653529,0.954730271140104,712.693254604792,1510.7656959698,1536.50574878288,4511.88614235581,15877.5068706418,0.912440240491535,0.826575519769539,0.556324346736248,1.36861680681479,0.609079064500673,1.70943996946666,0.954195910371387,682.019818420586,1592.60155362105,1594.08469796498,4149.52405874142,15405.9384440077,0.913191319946553,0.811401513709775,0.574215706761297,1.36974257904585,0.628338954987703,1.95955749219498,0.954607491548303,828.240327505934,1650.51331624303,1657.63288156491,4476.47114261256,15140.5288245358,0.893524463787555,0.800208615645439,0.540452515848505,1.34024296250478,0.604821725901579,1.86781168090535,0.94374249650569,1678.95676105391,2524.09052075713,2677.18401237902,6027.92804159888,14526.2249197801,0.788097696604813,0.701118365897346,0.411266359886155,1.18211114044,0.522380270919045,2.14926329228696,0.881347323999919,2548.66119011057,2860.49837704143,3459.93850683779,6833.70072848699,13414.397849371,0.673758121118379,0.644393768366332,0.320387796229755,1.01060513454893,0.476226246988822,1.41843333469284,0.805210752160201,3224.22378019251,3454.81285656904,3884.34286283762,6874.58622444146,10961.1242505881,0.531261364418233,0.514058434226169,0.216505817685942,0.796862925078383,0.41738653372973,1.6694650076522,0.692266476698537
G151,Elite lines,63.4874370830386,4296.67718163955,579.282686735471,1622.86912409892,1627.24773343801,4659.04170874777,13926.5492927728,0.915696551610447,0.782156768792884,0.484885725040248,1.37349468590289,0.530597751339533,2.73386583296574,0.95588906590145,674.254368005631,1858.21042625276,1860.62435785227,5209.42515228714,16561.4081421354,0.918922454727875,0.791067179133081,0.507629035018852,1.37834149074485,0.554082379768735,2.5252138133021,0.957661922977202,649.003124391973,1655.18935777298,1656.67965848333,4694.63541890747,16322.6729923534,0.922709542074088,0.81103819149577,0.545786319147327,1.3840221815923,0.592695958024764,2.1739624951904,0.959768028814967,640.72542049849,1468.14859995621,1482.71066058106,4266.92149260795,15919.9626225711,0.91896364926252,0.82122940216806,0.560092072665551,1.37840531915092,0.609805392177344,1.88395453312807,0.957581564359526,624.988032683608,1381.11038960499,1393.25643029866,4390.4534958261,16430.4458229138,0.923944445151226,0.839143582432203,0.567390737845164,1.38587538985226,0.616234554375014,1.63793687219427,0.960366544382376,585.11327427801,1439.68207663409,1440.38113473099,4016.07903981091,15954.1555068609,0.927488010787715,0.830866007941995,0.592523621449448,1.39118702755929,0.639962081981807,1.81238620301772,0.962290016451962,699.694876906688,1506.95477608451,1508.18720186946,4389.10780238191,16391.3800779486,0.91709865050324,0.829447544762991,0.57097779602234,1.37560405421117,0.623894902888299,1.713981062148,0.956628726896722,1109.08075715325,1949.40494097957,1959.65369838904,5350.32501764913,16449.9581832881,0.869720707635522,0.782966567753257,0.498898629125784,1.30454560336677,0.573035506321589,1.86090886327572,0.929274317737534,1521.79119509782,2062.46472719779,2183.37599600798,5737.75440128303,14342.6131728475,0.808535844938188,0.750417216383408,0.431131236364573,1.21276844647577,0.530075418236267,1.56577609816028,0.891591417517587,3005.26826948955,3296.01053023968,3612.60275105236,6959.44905332309,10963.7166218591,0.602304382881241,0.570494740773603,0.254425091405989,0.903426030477302,0.41738653372973,1.59471869636928,0.749288129145595
G152,Elite lines,56.6027662499635,4322.82906327467,651.362323003816,1907.18520079678,1905.06021529229,5309.65786749803,14472.5636621149,0.911837587655561,0.772197636377359,0.47446196494607,1.36770846924493,0.52095012958247,2.95299857930658,0.953799736809083,708.807034976483,1977.98325344032,1977.45446560099,5549.02990007987,16825.7923195674,0.917539899399789,0.789102628294626,0.505413922810395,1.37626935596173,0.552294967583085,2.51900765878581,0.956933168101232,657.530134783123,1826.96556542311,1827.08306126877,5001.13325242771,16508.9800543407,0.923020865953773,0.803170528227417,0.538201426808956,1.38448983170875,0.583180956016847,2.34286487251091,0.959944376392366,716.880445389557,1739.31757636998,1742.25589235999,4834.13099826969,16244.8329697635,0.913497042676343,0.80829505721112,0.545433727688999,1.37020368690467,0.597338781334258,2.00199478472182,0.95470935507461,702.394535364047,1491.26267214209,1513.35037949365,4543.98115288099,16287.4634429581,0.91510843096609,0.830462936654867,0.559722519176044,1.37262299140144,0.611607672132907,1.67784529699377,0.955599053533976,672.5819636867,1572.07118785256,1573.54854695438,4135.6449543072,15894.6230366039,0.91649633462241,0.818835616473882,0.584111225510559,1.37470188029606,0.637131428982285,1.87935601440863,0.956353735833454,815.797427265978,1612.75492851108,1617.69730070618,4417.93857567836,15537.7498324336,0.896476316445784,0.808713589493957,0.552871045139334,1.34467341272698,0.615979236477125,1.78371061615,0.945308985251958,1649.79265685099,2402.49780343225,2556.67470405214,5711.99868945769,14346.7428031891,0.788295834696521,0.710422517416329,0.428391323931021,1.18240173983181,0.542958553882691,1.92074754583965,0.880757953774728,2626.94449996222,2948.56817352178,3534.63099417358,6797.28439975021,13602.9953866766,0.668572471498919,0.641942102881667,0.330712900128968,1.00282666166795,0.490813446557509,1.4073721787029,0.801330207890005,3399.1297182002,3577.63836389287,3949.5477561434,7193.66448125875,10962.6762303257,0.540101773153785,0.524434071080796,0.216671337831918,0.810125820972401,0.41738653372973,1.58702267170508,0.699710028488678
G153,Elite lines,57.2286454166067,4391.509029279,616.824163958568,1817.29114713496,1816.94477057349,5046.64282459899,14155.4012624048,0.913567112380935,0.772343788953524,0.475354352879308,1.3703022950477,0.520678506051734,3.09511774177505,0.954751202619806,682.943050343331,1965.79161219416,1965.56236291068,5553.96011418105,16823.7105543907,0.918887624454251,0.789678292139984,0.505505973159954,1.3782895623028,0.550371085536475,2.61730017383689,0.957642754415626,659.602118616487,1760.2620896002,1760.67843626578,5006.52861036374,16601.4954225658,0.922775480395008,0.810468537298015,0.542479950584684,1.38412160615102,0.588079721544573,2.18833581815452,0.959806668144638,669.120195769886,1649.69507892319,1653.09326584561,4665.08305469041,16277.2859866453,0.917515781591562,0.814270923609371,0.552146281388481,1.37623333228994,0.601045521521927,2.00786938419746,0.95682903508726,646.416013039352,1447.77888942419,1456.83557987248,4524.21532322829,16613.345269614,0.92266420918486,0.836045781728094,0.564682403523644,1.38395624449739,0.613776626498839,1.66837826330089,0.959683801473389,598.174591097227,1463.38724123276,1464.19883564535,3998.91007358487,15779.1407159389,0.925370118997627,0.827927210721074,0.591076851584064,1.38801075071613,0.639667294088028,1.84007442693804,0.961163686909669,695.204206143396,1478.20473466425,1479.51056790343,4258.89026136015,15416.9738501682,0.913300018889652,0.824256574559637,0.565065549746224,1.36990652156582,0.6196014591969,1.74777720491028,0.95458307168927,1190.45801565495,2025.17640272307,2045.82574746557,5379.19041722533,14915.0337543353,0.849543208962111,0.757512790140321,0.465280138082381,1.27427308530203,0.547697039734624,2.04918835671327,0.91800004034138,1989.93832740076,2441.63947970899,2758.37812288696,6305.84912957686,13784.0401368581,0.74518354237271,0.698932304200591,0.371505252212793,1.11774163257215,0.499049440659437,1.51676007796961,0.853087854873593,3197.04199353367,3530.33714573689,3869.55144001753,6739.64185069047,10961.6301265291,0.545865426318217,0.51759974723871,0.247280305226448,0.818769479778721,0.41738653372973,1.57337595681909,0.70375552269168
G154,Elite lines,55.9768870833203,4326.95575651099,608.314762454666,1660.20054173257,1664.13326843658,4690.99818372487,13759.507632079,0.912544546544965,0.776358373186284,0.47843986398316,1.36876602051551,0.525837599191562,2.79408388309944,0.954204609496602,674.557461575551,1809.97975758662,1814.88550135109,5132.28180223345,16474.6100996321,0.918741359123027,0.792028645302823,0.508012783333464,1.37806996058522,0.554972188798977,2.45190788289021,0.957567433353068,665.499303372983,1729.56668479674,1734.67874182017,4888.24576330448,16456.7236402034,0.921430277444024,0.809112329058182,0.541955275111496,1.38210459714961,0.589509915337975,2.1776745206006,0.959050898402958,678.149496693008,1617.33892047941,1637.7203992052,4525.7195397858,16002.3538247596,0.916004942418899,0.812763235421396,0.551544012163888,1.37396605357475,0.602555417436302,1.97844027278869,0.956041312193199,675.65108701308,1462.20714684775,1483.13066025177,4491.63105949389,16337.4289168047,0.918396766248528,0.832934252172696,0.562205919651589,1.37755447215722,0.613079666635745,1.67050757634727,0.957408509505186,624.044425055288,1479.15540875598,1480.81829806115,4008.9852753223,15659.8470975622,0.921582836959937,0.825103830571586,0.588152165349065,1.38233020739064,0.638795590005673,1.83595825365536,0.959140004419327,744.040250694201,1517.20895752441,1519.15745781619,4313.41613472444,15420.8730747612,0.906609583908554,0.819771121386573,0.560530062534319,1.3598741502921,0.618628564555362,1.73662048253048,0.950948816647239,1317.46298557091,2104.27566515125,2146.20631761122,5507.98391618184,14819.2823249299,0.833264335893796,0.748691088599153,0.454503831768511,1.24985784363133,0.546117187815918,1.95297539889301,0.90860773548524,2059.42285201289,2402.21901691315,2744.79767064409,6208.82121640021,13393.294473583,0.729609443903854,0.694837722437519,0.36538573776266,1.09437583171959,0.499697692787785,1.40633610049387,0.84288389604559,3362.65076325394,3578.65773813969,4039.85896468619,7034.1846020791,10960.9652100585,0.522787616896186,0.501935206160359,0.210440372227917,0.784152588920767,0.41738653372973,1.69313058379826,0.683666851651476